Season,Name,Tm,PA,BB%,K%,BB/K,AVG,OBP,SLG,OPS,ISO,BABIP,wRC,wRAA,wOBA,wRC+,playerId
2019,"Todd Frazier","NYM",446,0.076233183,0.219730941,0.346938775,0.23880597,0.313901345,0.425373134,0.739274479,0.186567164,0.272727272,54.37664758893937,-1.7747525599291851,0.31529658818993334,97.87213229339606,785
2019,"Albert Pujols","LAA",479,0.079331941,0.129436325,0.612903225,0.250580046,0.311064718,0.447795823,0.758860541,0.197215777,0.242937853,59.298465370276155,-1.0076347896073483,0.3174664290879062,99.1321006406574,1177
2019,"Wilson Ramos","NYM",478,0.083682008,0.123430962,0.677966101,0.297921478,0.359832635,0.434180138,0.794012773,0.13625866,0.317679558,67.22450146995018,7.044301310400465,0.33694855708148463,112.0446710899905,1433
2019,"Miguel Cabrera","DET",504,0.08531746,0.198412698,0.43,0.289183222,0.351190476,0.399558498,0.750748974,0.110375276,0.347701149,64.3744512270008,0.9208510587726607,0.3220136717645946,98.7360649316976,1744
2019,"David Peralta","ARI",423,0.082742316,0.205673758,0.40229885,0.274869109,0.342789598,0.460732984,0.803522582,0.185863875,0.327464788,59.8013167190837,6.54561657789222,0.3378014326095581,106.64140199333102,2136
2019,"Edwin Encarnacion","2 Tms",483,0.118012422,0.213250517,0.553398058,0.242788461,0.341614906,0.524038461,0.865653367,0.28125,0.240282685,77.1553743627419,16.345674201523263,0.35907952740973953,127.27702799079069,2151
2019,"Carlos Santana","CLE",624,0.165064102,0.155448717,1.06185567,0.283783783,0.403846153,0.532818532,0.936664685,0.249034749,0.293059125,115.83908319407196,37.27748298578949,0.389009774411872,140.99789040294291,2396
2019,"Nelson Cruz","MIN",456,0.09868421,0.260964912,0.37815126,0.301745635,0.38021978,0.62094763,1.00116741,0.319201995,0.345381526,92.1206364167853,34.710236264578874,0.4079582810137594,157.00173662237725,2434
2019,"Yonder Alonso","2 Tms",322,0.114906832,0.211180124,0.544117647,0.199288256,0.295031055,0.348754448,0.643785503,0.149466192,0.224390243,29.006689863927285,-11.533110243551805,0.27862794138491154,68.02478069396875,2530
2019,"Roberto Perez","CLE",408,0.102941176,0.289215686,0.355932203,0.228813559,0.310945273,0.443502824,0.754448097,0.214689265,0.270642201,50.376304650548825,-0.990895485635868,0.3170904019229727,92.40039934803129,2900
2019,"Tommy Pham","TBR",586,0.127986348,0.184300341,0.694444444,0.27920792,0.377133105,0.463366336,0.840499441,0.184158416,0.32010582,92.77064688617182,18.99324669057322,0.3573954965650421,127.23901692669043,2967
2019,"Mitch Moreland","BOS",279,0.111111111,0.215053763,0.516666666,0.248979591,0.333333333,0.497959183,0.831292516,0.248979592,0.26744186,41.59159293295001,6.4654928398237095,0.34670865193917333,112.05928824357463,3086
2019,"Robinson Chirinos","HOU",404,0.111386138,0.292079207,0.381355932,0.235294117,0.340796019,0.444117647,0.784913666,0.20882353,0.3,55.58593210084508,4.722331965995521,0.3334223691959334,110.86366350839056,3142
2019,"Shin-Soo Choo","TEX",598,0.113712374,0.245819397,0.462585034,0.263157894,0.366220735,0.450292397,0.816513132,0.187134503,0.329479768,90.30544679490252,15.017246595298491,0.34895137318042146,109.03902800750922,3174
2019,"Welington Castillo","CHW",224,0.066964285,0.299107142,0.223880597,0.204878048,0.267857142,0.390243902,0.658101044,0.185365854,0.253846153,20.270652779889566,-7.930947294878498,0.2789405206484454,72.83498933407954,3256
2019,"Robinson Cano","NYM",367,0.051771117,0.166212534,0.311475409,0.26239067,0.305177111,0.437317784,0.742494895,0.174927114,0.286764705,42.8866041007446,-3.3186960217548673,0.30943886984835617,94.03789713116471,3269
2019,"Martin Prado","MIA",228,0.048245614,0.157894736,0.305555555,0.238317757,0.271929824,0.289719626,0.56164945,0.051401869,0.277777777,13.8826857861493,-14.82251428995391,0.24469193031913355,50.59275354713127,3312
2019,"Matt Joyce","ATL",196,0.153061224,0.204081632,0.75,0.289156626,0.397959183,0.475903614,0.873862797,0.186746988,0.344537815,33.934158580400364,9.257758514978308,0.37454208610009176,130.10798256199445,3353
2019,"Ryan Braun","MIL",463,0.064794816,0.20086393,0.322580645,0.281622911,0.337690631,0.484486873,0.822177504,0.202863962,0.321543408,67.9922487183505,9.700548563807564,0.3441377810515691,110.27748923480691,3410
2019,"Jeff Mathis","TEX",244,0.061475409,0.356557377,0.172413793,0.157894736,0.209016393,0.22368421,0.432700603,0.065789474,0.242857142,3.3765316502350076,-27.343068431208778,0.19026124575501116,1.8086423523855362,3448
2019,"Anthony Rizzo","CHC",572,0.117132867,0.141608391,0.827160493,0.285714285,0.40034965,0.510504201,0.910853851,0.224789916,0.297587131,104.08608445388315,32.071284262957555,0.3847631161577463,138.17067442211618,3473
2019,"Eric Hosmer","SDP",603,0.064676616,0.223880597,0.288888888,0.279569892,0.326699834,0.442652329,0.769352163,0.163082437,0.334152334,77.73867885985666,1.8209786585837013,0.3233935401837031,100.48082500134777,3516
2019,"Eric Thames","MIL",398,0.120603015,0.309045226,0.390243902,0.255131964,0.356783919,0.510263929,0.867047848,0.255131965,0.331658291,63.862226031190225,13.754025898343388,0.3598782958718121,120.58061954529389,3711
2019,"Josh Reddick","HOU",510,0.064705882,0.115686274,0.559322033,0.269396551,0.312252964,0.396551724,0.708804688,0.127155173,0.281094527,55.44306497202574,-8.765935198205128,0.300015924944736,88.29019937083079,3892
2019,"Melky Cabrera","PIT",372,0.043010752,0.102150537,0.421052631,0.282485875,0.315363881,0.406779661,0.722143542,0.124293786,0.300970873,42.24955504000544,-4.585245084162953,0.305640743676886,87.7618204825798,4022
2019,"Dexter Fowler","STL",492,0.113821138,0.231707317,0.49122807,0.245283018,0.342158859,0.415094339,0.757253198,0.169811321,0.296296296,64.39214017058595,2.44934000636323,0.32565919623083,102.48619304960802,4062
2019,"Michael Brantley","HOU",585,0.08034188,0.104273504,0.770491803,0.323863636,0.382905982,0.524621212,0.907527194,0.200757576,0.333333333,103.65564303737412,30.00414284210931,0.37923389365992594,141.81951133220704,4106
2019,"Howie Kendrick","WSN",322,0.071428571,0.136645962,0.522727272,0.326460481,0.375776397,0.546391752,0.922168149,0.219931271,0.340336134,57.78088329797044,17.24108319049134,0.38184213415484564,133.87238874726845,4229
2019,"Matt Wieters","STL",172,0.063953488,0.26744186,0.239130434,0.215189873,0.26744186,0.430379746,0.697821606,0.215189873,0.23076923,17.28422865504298,-4.370571402368215,0.29050407506698783,79.47501466259557,4298
2019,"Joey Votto","CIN",548,0.120437956,0.200729927,0.6,0.263157894,0.355839416,0.412631578,0.768470994,0.149473684,0.313559322,74.28601303074691,5.292812847832189,0.3310733566354046,100.4555465348215,4314
2019,"Daniel Murphy","COL",438,0.070776255,0.155251141,0.455882352,0.280701754,0.332568807,0.466165413,0.79873422,0.185463659,0.307453416,61.03082092310675,5.886620776908476,0.3354478221420848,91.40550404632073,4316
2019,"Starlin Castro","MIA",601,0.039933444,0.168053244,0.237623762,0.269366197,0.297836938,0.424295774,0.722132712,0.154929577,0.294505494,66.49543040950441,-9.170469791100992,0.302247980038325,88.26671066898241,4579
2019,"Russell Martin","LAD",230,0.126086956,0.230434782,0.547169811,0.219895287,0.34347826,0.335078534,0.678556794,0.115183247,0.268656716,24.941796341112365,-4.015203735658421,0.29970438574904384,86.40077206003771,4616
2019,"Curtis Granderson","MIA",345,0.110144927,0.272463768,0.404255319,0.185430463,0.28115942,0.357615894,0.638775314,0.172185431,0.226130653,30.153950099724383,-13.28155001543179,0.27536442598631217,70.66977919818363,4747
2019,"Brian McCann","ATL",289,0.093425605,0.169550173,0.551020408,0.255905511,0.325259515,0.417322834,0.742582349,0.161417323,0.27,34.932392536551,-1.4527075599131585,0.31408489785260624,90.53505271611601,4810
2019,"Jarrod Dyson","ARI",416,0.103365384,0.189903846,0.544303797,0.237837837,0.318072289,0.332432432,0.650504721,0.094594595,0.284210526,40.63166128406677,-11.742738854788207,0.28724471804607343,73.54893810849119,4866
2019,"Mike Moustakas","MIL",521,0.08637236,0.166986564,0.517241379,0.260127931,0.332053742,0.522388059,0.854441801,0.262260128,0.258522727,79.99134940525776,14.397449231355246,0.35186872833458954,115.33786738571897,4892
2019,"Ender Inciarte","ATL",230,0.113043478,0.178260869,0.634146341,0.246231155,0.34347826,0.396984924,0.740463184,0.150753769,0.285714285,28.611483188186554,-0.3455168885842313,0.31816212963639645,93.20385045584595,4922
2019,"Jason Heyward","CHC",536,0.11380597,0.190298507,0.598039215,0.255863539,0.345149253,0.443496801,0.788646054,0.187633262,0.284482758,73.61283393323127,6.130433754321961,0.33313134699891517,104.37452150847169,4940
2019,"Asdrubal Cabrera","2 Tms",459,0.106753812,0.211328976,0.505154639,0.256218905,0.337690631,0.43283582,0.770526451,0.176616915,0.295918367,60.518935499801955,2.73083534659418,0.3266358062527112,94.43308056720963,4962
2019,"Stephen Vogt","SFG",236,0.072033898,0.233050847,0.309090909,0.274418604,0.326271186,0.516279069,0.842550255,0.241860465,0.324675324,35.33210996205288,5.619709883279384,0.34744732511245596,117.53833538216092,5000
2019,"Josh Donaldson","ATL",601,0.15640599,0.242928452,0.643835616,0.260521042,0.3843594,0.543086172,0.927445572,0.28256513,0.293375394,110.33196231625763,34.66606211565223,0.38662791033221006,138.0188942059399,5038
2019,"Alex Gordon","KCR",576,0.083333333,0.15625,0.533333333,0.264299802,0.340869565,0.40433925,0.745208815,0.140039448,0.295121951,72.22027687616345,-0.2981233160972862,0.31930124863877996,96.11213331557599,5209
2019,"Justin Upton","LAA",256,0.125,0.3046875,0.41025641,0.214611872,0.30859375,0.415525114,0.724118864,0.200913242,0.261194029,29.36256487306552,-2.8678352123836994,0.3069404037669301,92.01943539237728,5222
2019,"Cameron Maybin","NYY",226,0.10619469,0.274336283,0.387096774,0.287128712,0.362831858,0.480198019,0.843029877,0.193069307,0.378787878,35.777038961834236,7.323638886398599,0.3573883218047893,124.03222723253116,5223
2019,"Jon Jay","CHW",182,0.043956043,0.164835164,0.266666666,0.266666666,0.310734463,0.315151515,0.625885978,0.048484849,0.323529411,15.889370048442123,-7.024430012306932,0.27525044969246215,70.34152778026716,5227
2019,"Justin Turner","LAD",538,0.091078066,0.163568773,0.556818181,0.290870488,0.369888475,0.513800424,0.883688899,0.222929936,0.304709141,91.16166519188853,23.427465012311664,0.3702756335171463,132.59397286903123,5235
2019,"Robbie Grossman","OAK",456,0.122807017,0.177631578,0.691358024,0.249370277,0.342105263,0.360201511,0.702306774,0.110831234,0.298076923,52.69883934059201,-4.711560811614408,0.3079469927064665,93.7383829065801,5254
2019,"Aaron Hicks","NYY",255,0.121568627,0.282352941,0.430555555,0.235294117,0.325490196,0.443438914,0.76892911,0.208144797,0.285714285,33.27500911867454,1.1705090335591077,0.3252102202060176,102.28878105811252,5297
2019,"Brandon Crawford","SFG",506,0.088932806,0.209486166,0.424528301,0.226373626,0.298418972,0.356043956,0.654462928,0.12967033,0.269794721,46.77789963308026,-16.92750053581546,0.28119922181957996,74.17489721994163,5343
2019,"Freddie Freeman","ATL",643,0.121306376,0.180404354,0.672413793,0.306451612,0.396578538,0.577060931,0.973639469,0.270609319,0.328395061,125.63958729953131,44.6858870849069,0.4002964532394168,146.9657920892494,5361
2019,"Juan Lagares","NYM",259,0.077220077,0.258687258,0.298507462,0.209401709,0.276264591,0.303418803,0.579683394,0.094017094,0.278787878,16.54350970240938,-16.064590384041196,0.2481458041036553,53.917834305471835,5384
2019,"Pablo Sandoval","SFG",296,0.06081081,0.226351351,0.268656716,0.268382352,0.31292517,0.507352941,0.820278111,0.238970589,0.304123711,41.46886557470595,4.20246547590529,0.33632442028555154,110.25771342211172,5409
2019,"Jose Altuve","HOU",488,0.079918032,0.149590163,0.534246575,0.305429864,0.363449691,0.552036199,0.91548589,0.246606335,0.315028901,86.69554865326761,25.25634849038003,0.37977261538378265,142.1835373692843,5417
2019,"Ji-Man Choi","TBR",433,0.122401847,0.210161662,0.582417582,0.255434782,0.353348729,0.41847826,0.771826989,0.163043478,0.3,58.43541093975228,3.920710795222941,0.3303750139378063,108.9806865584831,5452
2019,"Austin Romine","NYY",204,0.044117647,0.205882352,0.214285714,0.274611398,0.305418719,0.43523316,0.740651879,0.160621762,0.317241379,24.226257274108274,-1.4573427939840728,0.31163565043745367,93.11614773175972,5491
2019,"Marwin Gonzalez","MIN",437,0.068649885,0.210526315,0.326086956,0.2625,0.322654462,0.42,0.742654462,0.1575,0.306122448,53.36147587304814,-1.6568242728163487,0.31551396737153503,94.53509446697097,5497
2019,"Hernan Perez","MIL",222,0.049549549,0.274774774,0.180327868,0.239234449,0.276018099,0.387559808,0.663577907,0.148325359,0.302816901,20.42653063221445,-7.523269441886042,0.28069594219259547,68.75092289529302,5751
2019,"Avisail Garcia","TBR",496,0.06048387,0.243951612,0.247933884,0.274122807,0.326612903,0.45614035,0.782753253,0.182017543,0.332288401,66.19242638566648,3.746026220108627,0.3286370914957301,107.80633439980755,5760
2019,"Wilmer Flores","ARI",240,0.05,0.1,0.5,0.3125,0.354166666,0.486607142,0.840773808,0.174107142,0.321243523,37.3933804767753,7.177380396666653,0.35449650635321933,117.56934954069568,5827
2019,"Leury Garcia","CHW",566,0.033568904,0.234982332,0.142857142,0.276515151,0.307553956,0.376893939,0.684447895,0.100378788,0.355498721,58.07823808278785,-13.181162106135037,0.29295894374950326,82.30754405308491,5913
2019,"Nick Markakis","ATL",416,0.103365384,0.127403846,0.811320754,0.284153005,0.358173076,0.428961748,0.787134824,0.144808743,0.307443365,58.17582313260226,5.801422993747283,0.33603313658610884,104.90151825675606,5930
2019,"Jean Segura","PHI",565,0.049557522,0.123893805,0.4,0.283809523,0.328014184,0.428571428,0.756585612,0.144761905,0.308724832,71.49239834793786,0.35889815934876573,0.32063485864635893,95.57380065852502,5933
2019,"Didi Gregorius","NYY",289,0.041522491,0.145328719,0.285714285,0.251824817,0.283737024,0.478102189,0.761839213,0.226277372,0.243119266,35.08643683960153,-1.2986632568626246,0.31470152869769036,95.18782864569285,6012
2019,"Eduardo Escobar","ARI",628,0.07165605,0.187898089,0.381355932,0.271929824,0.323248407,0.533333333,0.85658174,0.261403509,0.28271028,95.2940669948758,16.2288667852582,0.3497955182109016,114.49226508879042,6153
2019,"J.D. Martinez","BOS",599,0.106844741,0.200333889,0.533333333,0.305502846,0.382303839,0.573055028,0.955358867,0.267552182,0.335106382,112.257047945583,36.842947745645176,0.3910549357786017,142.0250409694877,6184
2019,"Ian Kinsler","SDP",281,0.067615658,0.192170818,0.351851851,0.217054263,0.277580071,0.368217054,0.645797125,0.151162791,0.239795918,24.89562069286418,-10.482279400929686,0.27674542966686533,69.9467816818194,6195
2019,"Adam Jones","ARI",483,0.053830227,0.186335403,0.288888888,0.26741573,0.317427385,0.429213483,0.746640868,0.161797753,0.303206997,58.75445244614285,-2.05524771507579,0.31497740671038627,91.70168015229741,6368
2019,"Jordy Mercer","DET",232,0.043103448,0.202586206,0.212765957,0.272727272,0.310344827,0.44090909,0.751253917,0.168181818,0.315151515,28.342322159583993,-0.8664779178543638,0.31557937721153356,94.38827154632965,6547
2019,"Freddy Galvis","2 Tms",573,0.043630017,0.246073298,0.177304964,0.260550458,0.291958041,0.434862385,0.726820426,0.174311927,0.3125,64.30822130559521,-7.832478885664186,0.3040630616991407,87.20370207112107,6609
2019,"Eduardo Nunez","BOS",174,0.022988505,0.155172413,0.148148148,0.22754491,0.242774566,0.305389221,0.548163787,0.077844311,0.257142857,8.894029642048865,-13.0125704160299,0.23338503024481624,35.48404153307605,6848
2019,"Ian Desmond","COL",444,0.076576576,0.25,0.306306306,0.256790123,0.316027088,0.466666666,0.782693754,0.209876543,0.314285714,58.60672602217809,2.7071258739771005,0.3269534777192509,85.84543574550099,6885
2019,"Martin Maldonado","3 Tms",345,0.075362318,0.228985507,0.329113924,0.218649517,0.288629737,0.38585209,0.674481827,0.167202573,0.256756756,33.58866146553679,-9.84683864961939,0.287573828683262,75.42638404304176,6887
2019,"Yadier Molina","STL",380,0.047368421,0.113157894,0.418604651,0.274011299,0.313157894,0.403954802,0.717112696,0.129943503,0.28990228,42.9036176249349,-4.938382501903786,0.3048658665857817,88.87568619081534,7007
2019,"Logan Forsythe","TEX",367,0.119891008,0.272479564,0.44,0.227129337,0.325136612,0.353312302,0.678448914,0.126182965,0.306603773,39.36479227746467,-6.840507845034792,0.2983374755239226,74.83811171064399,7185
2019,"Alex Avila","ARI",176,0.170454545,0.329545454,0.517241379,0.206896551,0.346590909,0.434482758,0.781073667,0.227586207,0.269230769,22.458105590664545,0.29970553191820853,0.3218699757164047,96.21328840997036,7476
2019,"Neil Walker","MIA",339,0.109144542,0.197640117,0.552238805,0.263333333,0.345132743,0.38,0.725132743,0.116666667,0.320175438,41.31698073677515,-1.3631193763783083,0.31524830668635623,96.77622011408037,7539
2019,"Travis d'Arnaud","3 Tms",338,0.091715976,0.215976331,0.424657534,0.249169435,0.316568047,0.451827242,0.768395289,0.202657807,0.2718894,43.28334857892308,0.7291484661034104,0.32239561602914124,103.86116221900829,7739
2019,"Miguel Rojas","MIA",453,0.070640176,0.125827814,0.561403508,0.283980582,0.337748344,0.381067961,0.718816305,0.097087379,0.315492957,52.73191245746423,-4.300787693740832,0.30891684761597155,92.631892650674,7802
2019,"Charlie Blackmon","COL",571,0.057793345,0.168126094,0.34375,0.319470699,0.364273204,0.576559546,0.94083275,0.257088847,0.347188264,105.45156239012647,33.562662199534664,0.3878982566950614,125.73752356489477,7859
2019,"Jonathan Lucroy","2 Tms",314,0.076433121,0.156050955,0.489795918,0.237588652,0.305732484,0.354609929,0.660342413,0.117021277,0.262008733,30.14821355982386,-9.38438654498495,0.2854832433663999,76.93228209873277,7870
2019,"Eric Sogard","2 Tms",435,0.087356321,0.140229885,0.622950819,0.29562982,0.358796296,0.465295629,0.824091925,0.169665809,0.320754716,65.19750359887762,10.431003453680702,0.3476847060891085,118.25383904403085,7927
2019,"Tim Beckham","SEA",328,0.06402439,0.310975609,0.205882352,0.236842105,0.292682926,0.460526315,0.753209241,0.22368421,0.304812834,39.856006014450394,-1.4391940950314202,0.31482399018799384,98.81683455676125,7949
2019,"Jose Martinez","STL",357,0.098039215,0.207282913,0.472972972,0.267295597,0.341736694,0.399371069,0.741107763,0.132075472,0.31779661,45.097859081773294,0.1515589626116892,0.3203911297127646,99.03792109409753,7996
2019,"Matt Carpenter","STL",440,0.131818181,0.256818181,0.513274336,0.225806451,0.334851936,0.379032258,0.713884194,0.153225807,0.286852589,52.19243214812359,-3.2035679987422534,0.31147716284341315,93.20318422004183,8090
2019,"Dee Gordon","SEA",383,0.036553524,0.138381201,0.264150943,0.280555555,0.305263157,0.369444444,0.674707601,0.088888889,0.317152103,37.447533424374974,-10.772166703465071,0.28736268909353957,80.26063352066399,8203
2019,"Hunter Pence","TEX",316,0.082278481,0.21835443,0.376811594,0.297202797,0.357594936,0.552447552,0.910042488,0.255244755,0.333333333,55.37207607001606,15.587675964539683,0.3769652571859239,127.96862138766375,8252
2019,"Kurt Suzuki","WSN",301,0.063122923,0.119601328,0.527777777,0.26007326,0.318936877,0.472527472,0.791464349,0.212454212,0.245535714,40.586541992387005,2.690641891917418,0.3302411087354024,100.09635949265048,8259
2019,"Daniel Descalso","CHC",187,0.122994652,0.283422459,0.433962264,0.179012345,0.279569892,0.259259259,0.538829151,0.080246914,0.25,11.488249225992346,-12.055050836425638,0.24532301002933132,46.898590862207875,8392
2019,"Ehire Adrianza","MIN",231,0.086580086,0.164502164,0.526315789,0.277777777,0.355263157,0.424242424,0.779505581,0.146464647,0.314465408,31.4988622197832,2.41596214267863,0.33199917639929816,105.67451032309127,8418
2019,"Gerardo Parra","2 Tms",281,0.064056939,0.202846975,0.315789473,0.21875,0.282142857,0.35546875,0.637611607,0.13671875,0.25388601,23.729388221182194,-11.648511872611675,0.27213153821958913,64.07055868834038,8553
2019,"Kendrys Morales","2 Tms",201,0.129353233,0.129353233,1,0.194117647,0.313432835,0.252941176,0.566374011,0.058823529,0.216783216,15.55116578243366,-9.754734284657326,0.2637568486863701,62.71592018473416,8610
2019,"Donovan Solano","SFG",213,0.042253521,0.215962441,0.195652173,0.328358208,0.356807511,0.447761194,0.804568705,0.119402986,0.405228758,30.820521880240143,4.00382180914372,0.3416456655717232,113.74079413602736,8623
2019,"Elvis Andrus","TEX",577,0.051993067,0.145580589,0.357142857,0.272897196,0.311958405,0.392523364,0.704481769,0.119626168,0.302895322,62.553880129262225,-10.0904200633323,0.29966930748065174,75.7380596574059,8709
2019,"Jason Castro","MIN",244,0.114754098,0.311475409,0.368421052,0.235849056,0.329218106,0.448113207,0.777331313,0.212264151,0.304,32.867115349808024,2.147515268364244,0.33008179007243715,104.37889049711431,8722
2019,"Gordon Beckham","DET",227,0.057268722,0.286343612,0.2,0.219047619,0.277533039,0.371428571,0.64896161,0.152380952,0.292857142,20.294451677573562,-8.284848398195864,0.27767826334495377,68.77766096450631,9015
2019,"Justin Smoak","TOR",464,0.163793103,0.209051724,0.783505154,0.212041884,0.349137931,0.405759162,0.754897093,0.193717278,0.229323308,61.839784008539965,3.422183853663263,0.32843224095989254,104.44444466024727,9054
2019,"Lorenzo Cain","MIL",567,0.082892416,0.169312169,0.489583333,0.252941176,0.320987654,0.352941176,0.67392883,0.1,0.295121951,58.838837487401726,-12.546462701854946,0.29430143711217915,77.65655201200164,9077
2019,"Khris Davis","OAK",473,0.080338266,0.262156448,0.306451612,0.220930232,0.287526427,0.38372093,0.671247357,0.162790698,0.260416666,45.15076566960386,-14.399934488276932,0.2846810221672058,78.01705837277557,9112
2019,"Tyler Flowers","ATL",279,0.103942652,0.326164874,0.318681318,0.234567901,0.326164874,0.423868312,0.750033186,0.189300411,0.326388888,34.22365298850274,-0.9024471046235573,0.3161580817423005,91.89207845619232,9134
2019,"Buster Posey","SFG",412,0.080097087,0.162621359,0.492537313,0.257372654,0.323600973,0.36997319,0.693574163,0.112600536,0.299003322,44.95549312861058,-6.915307008909259,0.30048257839388964,86.79703428963828,9166
2019,"Paul Goldschmidt","STL",604,0.107615894,0.240066225,0.448275862,0.258911819,0.340531561,0.461538461,0.802070022,0.202626642,0.301939058,86.16001348370501,10.116413282098263,0.3392761374471985,111.39931446810553,9218
2019,"Starling Marte","PIT",586,0.042662116,0.160409556,0.265957446,0.294990723,0.342465753,0.502782931,0.845248684,0.207792208,0.319248826,90.42861340404701,16.65121320844842,0.3527719745505122,118.61209564385446,9241
2019,"Keon Broxton","3 Tms",228,0.087719298,0.45614035,0.192307692,0.166666666,0.242290748,0.274509803,0.516800551,0.107843137,0.291666666,10.746704971821826,-17.958495104281383,0.22863299416025304,38.34074173881722,9253
2019,"A.J. Pollock","LAD",292,0.075342465,0.226027397,0.333333333,0.25670498,0.321917808,0.463601532,0.78551934,0.206896552,0.29032258,38.79722408267497,2.0344239852094517,0.3279600249942635,104.89581726498953,9256
2019,"Chris Davis","BAL",323,0.105263157,0.396284829,0.265625,0.173144876,0.266253869,0.307420494,0.573674363,0.134275618,0.263513513,21.603607531597117,-19.062092576215765,0.2516275544344268,50.53961646286586,9272
2019,"Josh Phegley","OAK",320,0.04375,0.171875,0.254545454,0.245733788,0.289308176,0.419795221,0.709103397,0.174061433,0.262931034,34.09410668981284,-6.193893416998682,0.2975080931711497,86.6845904549151,9308
2019,"Brock Holt","BOS",246,0.089430894,0.19105691,0.468085106,0.314814814,0.382113821,0.430555555,0.812669376,0.115740741,0.382352941,37.19066815412428,6.219268072012923,0.3491470256472022,113.70695062387075,9345
2019,"Evan Longoria","SFG",445,0.078651685,0.220224719,0.357142857,0.258706467,0.323595505,0.447761194,0.771356699,0.189054727,0.297577854,58.329091855157664,2.30359170662289,0.32588857345366745,103.42681296954797,9368
2019,"Matt Adams","WSN",318,0.059748427,0.342767295,0.174311926,0.226351351,0.276729559,0.476351351,0.75308091,0.25,0.279761904,37.41450692420243,-2.621693181941522,0.31036255788351835,87.08463134083634,9393
2019,"David Freese","LAD",171,0.134502923,0.233918128,0.575,0.31292517,0.409356725,0.619047619,1.028404344,0.306122449,0.364583333,36.940620833387456,15.41172077631005,0.42416354647853916,167.86690998334856,9549
2019,"Yan Gomes","WSN",298,0.110738255,0.22147651,0.5,0.214559386,0.312080536,0.360153256,0.672233792,0.14559387,0.252688172,29.623860730064706,-7.894339369403525,0.28925378184740236,73.26764551294646,9627
2019,"Christian Vazquez","BOS",472,0.050847457,0.199152542,0.255319148,0.269230769,0.304904051,0.457013574,0.761917625,0.187782805,0.301204819,57.86960571682821,-1.5551944407187839,0.3160882934991894,91.36844315013349,9774
2019,"Jason Kipnis","CLE",500,0.078,0.176,0.443181818,0.247216035,0.305050505,0.414253897,0.719304402,0.167037862,0.268571428,55.55038742869834,-7.399612738194662,0.30277950647636553,82.73021467613897,9776
2019,"Nolan Arenado","COL",602,0.086378737,0.134551495,0.641975308,0.310408921,0.370431893,0.57992565,0.950357543,0.269516729,0.302107728,110.12610998939086,34.33430978845168,0.3858795449943156,124.41615320632559,9777
2019,"Kyle Seager","SEA",371,0.099730458,0.204851752,0.486842105,0.246951219,0.32884097,0.50609756,0.83493853,0.259146341,0.254310344,55.587392158866244,8.878492035031632,0.3475848924760227,120.95409188807425,9785
2019,"Brian Dozier","WSN",452,0.128318584,0.223451327,0.574257425,0.236503856,0.340707964,0.431876606,0.77258457,0.19537275,0.27037037,60.81856282869351,3.911762677822233,0.3299117909537421,99.88080084944505,9810
2019,"Andrew McCutchen","PHI",262,0.164122137,0.209923664,0.781818181,0.255707762,0.377862595,0.456621004,0.834483599,0.200913242,0.298701298,41.708177480317204,8.72237739286527,0.3584133322912318,120.30212380039886,9847
2019,"DJ LeMahieu","NYY",586,0.073378839,0.136518771,0.5375,0.326492537,0.376068376,0.520522388,0.896590764,0.194029851,0.346330275,102.24454637740203,28.467146181803418,0.3760983815559974,136.6750233238978,9874
2019,"Jay Bruce","2 Tms",314,0.060509554,0.245222929,0.246753246,0.226804123,0.27388535,0.542955326,0.816840676,0.316151203,0.213541666,42.4963199032089,2.9637197984000974,0.33081905819048546,106.57604200793688,9892
2019,"Brett Gardner","NYY",490,0.097959183,0.187755102,0.52173913,0.246575342,0.32382892,0.488584474,0.812413394,0.242009132,0.261538461,69.75277949868732,8.061779335132176,0.33893322629015704,111.56171604546105,9927
2019,"Wil Myers","SDP",436,0.103211009,0.337155963,0.306122448,0.242894056,0.324137931,0.42118863,0.745326561,0.178294574,0.34375,54.48034034509881,-0.41205980043188956,0.3188066762069176,97.47844180048052,10047
2019,"Jonathan Villar","BAL",624,0.089743589,0.245192307,0.366013071,0.277280858,0.344051446,0.452593917,0.796645363,0.175313059,0.346153846,88.16480465848562,9.603204450203155,0.33770365538704433,108.70311819158513,10071
2019,"Mike Trout","LAA",600,0.183333333,0.2,0.916666666,0.291489361,0.438333333,0.644680851,1.083014184,0.35319149,0.297734627,135.97874182823406,60.438741627962465,0.4364310425703029,179.51908872866034,10155
2019,"Billy Hamilton","2 Tms",330,0.084848484,0.245454545,0.345679012,0.2147651,0.280487804,0.27181208,0.552299884,0.05704698,0.292237442,20.568971986245586,-20.978028123903798,0.24638391304306867,46.695951249699085,10199
2019,"Tucker Barnhart","CIN",317,0.123028391,0.230283911,0.534246575,0.229927007,0.329113924,0.372262773,0.701376697,0.142335766,0.279792746,33.931785341552875,-5.978514764257291,0.2980821792361806,78.86080178076455,10200
2019,"Jose Iglesias","CIN",485,0.03298969,0.134020618,0.246153846,0.289416846,0.316115702,0.412526997,0.728642699,0.123110151,0.316195372,55.641651996444445,-5.419848165441768,0.306972259543294,84.6799034379154,10231
2019,"Randal Grichuk","TOR",561,0.06060606,0.263814616,0.229729729,0.230326295,0.281639928,0.437619961,0.719259889,0.207293666,0.271428571,61.37928755088498,-9.250612636368965,0.30082410414588645,85.78902352085225,10243
2019,"Brandon Belt","SFG",559,0.137745974,0.20214669,0.681415929,0.231578947,0.339892665,0.397894736,0.737787401,0.166315789,0.268571428,69.37041406204631,-1.0076861245400688,0.3178145986237972,98.14190229504048,10264
2019,"Danny Santana","TEX",448,0.035714285,0.301339285,0.118518518,0.283018867,0.310961968,0.530660377,0.841622345,0.24764151,0.356877323,65.75161321765314,9.348413068117015,0.34404000941287266,105.7203122220272,10322
2019,"Marcell Ozuna","STL",469,0.102345415,0.204690831,0.5,0.255369928,0.332622601,0.494033412,0.826656013,0.238663484,0.27181208,69.07076738957451,10.023667233028869,0.3446247182004712,114.9002879182408,10324
2019,"Domingo Santana","SEA",496,0.098790322,0.320564516,0.3081761,0.256235827,0.331983805,0.448979591,0.780963396,0.192743764,0.349809885,66.9660157242129,4.5196155586550315,0.33044138109466364,109.36984675114725,10348
2019,"Adeiny Hechavarria","2 Tms",200,0.06,0.22,0.272727272,0.217391304,0.275,0.375,0.65,0.157608696,0.251851851,17.817591069573464,-7.362408997183739,0.2773139530420303,71.40690419981479,10459
2019,"Enrique Hernandez","LAD",420,0.08095238,0.204761904,0.395348837,0.242021276,0.311904761,0.428191489,0.74009625,0.186170213,0.267148014,49.56856598205816,-3.3094341581319595,0.3107844765523641,93.65336962132093,10472
2019,"Cheslor Cuthbert","KCR",303,0.04950495,0.201320132,0.245901639,0.244755244,0.287128712,0.374125874,0.661254586,0.12937063,0.285714285,28.119042333779298,-10.028657767357863,0.2816106882316387,70.64379830579306,10473
2019,"Derek Dietrich","CIN",296,0.094594594,0.243243243,0.388888888,0.195020746,0.33898305,0.4813278,0.82031085,0.286307054,0.185430463,43.80979680525823,6.543396706457573,0.3454734363653554,109.88128004058207,10542
2019,"Cesar Hernandez","PHI",587,0.066439522,0.139693356,0.475609756,0.278810408,0.332197614,0.397769516,0.72996713,0.118959108,0.311111111,69.38669240616423,-4.516607789768164,0.31099874118589005,89.26637202507978,10556
2019,"Gio Urshela","NYY",423,0.052009456,0.174940898,0.297297297,0.330788804,0.368794326,0.562340966,0.931135292,0.231552162,0.365131578,77.39318693837666,24.13748679718518,0.38591295410273485,143.30694439108277,10681
2019,"Corey Dickerson","2 Tms",276,0.057971014,0.199275362,0.29090909,0.307392996,0.344202898,0.571984435,0.916187333,0.264591439,0.347150259,46.9014420109509,12.153041918825963,0.37080227276858163,129.46602973753124,10762
2019,"Jurickson Profar","OAK",473,0.09090909,0.147991543,0.614285714,0.219570405,0.302325581,0.420047732,0.722373313,0.200477327,0.216867469,53.543807309826065,-6.0068928480547195,0.30520850432653085,91.88792648653215,10815
2019,"Andrelton Simmons","LAA",362,0.058011049,0.082872928,0.7,0.258823529,0.303867403,0.358823529,0.662690932,0.1,0.269736842,34.77482297487747,-10.800977145953066,0.28538309504120635,77.45269097135179,10847
2019,"Greg Garcia","SDP",319,0.134796238,0.231974921,0.581081081,0.25,0.36163522,0.361940298,0.723575518,0.111940298,0.328125,40.367755474908236,0.20565536843049884,0.32064581367204775,98.68226983142685,10951
2019,"Kevin Kiermaier","TBR",441,0.056689342,0.206349206,0.274725274,0.238442822,0.286363636,0.413625304,0.69998894,0.175182482,0.275974025,45.30328047922941,-10.218619667970229,0.2930940629140427,83.78913355688266,11038
2019,"Kole Calhoun","LAA",566,0.11130742,0.252650176,0.44055944,0.23076923,0.323893805,0.461538461,0.785432266,0.230769231,0.264615384,74.71242997940753,3.4530297904846394,0.3269576759321288,105.54554346766847,11200
2019,"Adam Eaton","WSN",577,0.102253032,0.159445407,0.641304347,0.284274193,0.371929824,0.43548387,0.807413694,0.151209677,0.324873096,86.46130913416215,13.817008941567623,0.3476022960846884,111.4603191627898,11205
2019,"Jonathan Schoop","MIN",415,0.048192771,0.250602409,0.192307692,0.255208333,0.308433734,0.479166666,0.7876004,0.223958333,0.296153846,55.28733684102494,3.038836702503742,0.32837104567007164,103.22290313357013,11265
2019,"Whit Merrifield","KCR",660,0.063636363,0.16060606,0.396226415,0.307060755,0.354545454,0.47454844,0.829093894,0.167487685,0.348268839,98.86795858371345,15.773958363414687,0.3475486732474187,115.19953518291703,11281
2019,"Jake Marisnick","HOU",295,0.054237288,0.298305084,0.181818181,0.24074074,0.297945205,0.425925925,0.72387113,0.185185185,0.319767441,33.68650206310924,-3.4539980353576354,0.30635505261486523,92.5736864145004,11339
2019,"Jesus Aguilar","2 Tms",345,0.118840579,0.214492753,0.554054054,0.234693877,0.32748538,0.37755102,0.7050364,0.142857143,0.274418604,39.2393217400896,-4.196178375066577,0.305870354872698,87.00765574387854,11342
2019,"Yasmani Grandal","MIL",561,0.162210338,0.215686274,0.752066115,0.254347826,0.379679144,0.482608695,0.862287839,0.228260869,0.286163522,92.38007724804376,21.750177060789806,0.3647515483747015,123.77046156422229,11368
2019,"Delino DeShields","TEX",362,0.099447513,0.254143646,0.391304347,0.246006389,0.327683615,0.345047923,0.672731538,0.099041534,0.333333333,38.05638501155967,-7.519415109270862,0.29587005221911067,73.17081988321897,11379
2019,"Gary Sanchez","NYY",438,0.089041095,0.276255707,0.322314049,0.233933161,0.317351598,0.532133676,0.849485274,0.298200515,0.242553191,66.02669852401759,10.882498377819328,0.34864299626185974,118.12281972330393,11442
2019,"Mark Canha","OAK",431,0.134570765,0.225058004,0.597938144,0.27247191,0.394431554,0.519662921,0.914094475,0.247191011,0.310924369,78.54764023961484,24.284740095753076,0.3850828996924467,145.86080027531148,11445
2019,"Tony Wolters","COL",372,0.083333333,0.163978494,0.508196721,0.269113149,0.337837837,0.336391437,0.674229274,0.067278288,0.32103321,38.04034127322349,-8.794458850944903,0.29255086900106547,63.32682280989892,11470
2019,"Christian Yelich","MIL",580,0.137931034,0.203448275,0.677966101,0.329243353,0.429310344,0.670756646,1.10006699,0.341513293,0.354545454,134.0350765610264,61.01307636743049,0.44159490546436175,174.0691417936553,11477
2019,"Manny Machado","SDP",600,0.091666666,0.198333333,0.462184873,0.260223048,0.331666666,0.46654275,0.798209416,0.206319702,0.282442748,83.5153992122321,7.975399011960489,0.3352772539674638,108.2594429871556,11493
2019,"Bryce Harper","PHI",609,0.149425287,0.264367816,0.565217391,0.254403131,0.371100164,0.499021526,0.87012169,0.244618395,0.308411214,99.1193872188161,22.44628701554041,0.3625387758016586,123.00247906589613,11579
2019,"Yolmer Sanchez","CHW",489,0.08384458,0.210633946,0.398058252,0.252293577,0.320910973,0.323394495,0.644305468,0.071100918,0.324324324,46.333476108062946,-15.231624055158415,0.28386581315044546,76.16311706970068,11602
2019,"Willson Contreras","CHC",358,0.100558659,0.248603351,0.404494382,0.279742765,0.368715083,0.54340836,0.912123443,0.263665595,0.325123152,63.10309811190106,18.03089799240567,0.3781655460930942,133.8521610262736,11609
2019,"Brandon Drury","TOR",406,0.051724137,0.253694581,0.203883495,0.22047244,0.261083743,0.383202099,0.644285842,0.162729659,0.262172284,34.05932246123225,-17.056077674284875,0.27130064294843254,65.83937585568732,11615
2019,"Elias Diaz","PIT",300,0.07,0.176666666,0.396226415,0.25,0.303333333,0.318840579,0.622173912,0.068840579,0.30044843,25.581863518369026,-12.188136581766777,0.27290047725041705,66.33131231659823,11680
2019,"Nicholas Castellanos","2 Tms",602,0.061461794,0.222591362,0.276119402,0.29032258,0.337209302,0.523297491,0.860506793,0.232974911,0.340796019,94.88498149158053,19.093181290641347,0.3566330520563237,121.06871203015352,11737
2019,"J.T. Realmuto","PHI",555,0.072072072,0.212612612,0.33898305,0.281746031,0.333333333,0.503968253,0.837301586,0.222222222,0.318918918,82.3889492766051,12.51444909135387,0.34598532787930036,112.1672342864446,11739
2019,"Leonys Martin","CLE",264,0.079545454,0.295454545,0.269230769,0.199152542,0.275862068,0.343220338,0.619082406,0.144067796,0.255033557,21.704567526974138,-11.533032561145369,0.26936212398996756,60.149359334110656,11846
2019,"Ronny Rodriguez","DET",262,0.041984732,0.282442748,0.148648648,0.219512195,0.248091603,0.451219512,0.699311115,0.231707317,0.25,25.024801537314218,-7.960998550137716,0.28474851919494515,73.55518729065615,11875
2019,"Joc Pederson","LAD",464,0.094827586,0.219827586,0.431372549,0.25,0.338362068,0.536764705,0.875126773,0.286764705,0.254545454,75.11397893584335,16.696378780966644,0.3615276426463932,126.86787744422298,11899
2019,"Hanser Alberto","BAL",484,0.026859504,0.088842975,0.302325581,0.32034632,0.34095634,0.445887445,0.786843785,0.125541125,0.333333333,66.13712375350121,5.2015235919487814,0.33233262598514557,105.07379629566995,11902
2019,"Joe Panik","2 Tms",476,0.084033613,0.096638655,0.869565217,0.244131455,0.312236286,0.330985915,0.643222201,0.08685446,0.263157894,43.757214838246846,-16.171185320635296,0.2805811942128812,74.03633546773433,11936
2019,"Travis Shaw","MIL",253,0.122529644,0.324110671,0.37804878,0.151376146,0.268774703,0.256880733,0.525655436,0.105504587,0.207692307,13.554029333641777,-18.29867075080608,0.23622871541976928,39.64440146200414,11982
2019,"Jon Berti","MIA",217,0.096774193,0.244239631,0.396226415,0.264550264,0.354838709,0.433862433,0.788701142,0.169312169,0.335877862,30.879438094786444,3.5591380223548765,0.33887416536357545,112.24079058260725,12037
2019,"Niko Goodrum","DET",472,0.097457627,0.292372881,0.333333333,0.24822695,0.322033898,0.420803782,0.74283768,0.172576832,0.338181818,57.62767387766608,-1.7971262798809184,0.31549532929803153,94.33147853516665,12092
2019,"Max Kepler","MIN",587,0.10221465,0.165247018,0.618556701,0.252427184,0.337308347,0.522330097,0.859638444,0.269902913,0.243523316,92.67462195612909,18.771321760196702,0.35689425366903693,122.49665786218726,12144
2019,"Nick Ahmed","ARI",565,0.086725663,0.182300884,0.475728155,0.263473053,0.326241134,0.447105788,0.773346922,0.183632735,0.291560102,72.79709033972536,1.6635901511362567,0.3233062467965367,97.15341573545993,12147
2019,"Eddie Rosario","MIN",522,0.036398467,0.149425287,0.243589743,0.275653923,0.298850574,0.490945674,0.789796248,0.215291751,0.274559193,67.82760876697101,2.1078085927347017,0.324571309869106,100.65533864839671,12155
2019,"Austin Barnes","LAD",236,0.093220338,0.228813559,0.407407407,0.198067632,0.288135593,0.333333333,0.621468926,0.135265701,0.24,18.90441192100266,-10.80798815777084,0.2669202073960857,64.94152085064428,12158
2019,"Ben Gamel","MIL",311,0.10289389,0.292604501,0.351648351,0.255474452,0.337620578,0.386861313,0.724481891,0.131386861,0.353932584,37.05426293573523,-2.100637168072215,0.31208610148877386,89.29770331441514,12160
2019,"Xander Bogaerts","BOS",626,0.110223642,0.182108626,0.605263157,0.304347826,0.380191693,0.561594202,0.941785895,0.257246376,0.333333333,116.6395661226913,37.82616591374126,0.3898029451568921,141.17904355691638,12161
2019,"Miguel Sano","MIN",380,0.128947368,0.363157894,0.355072463,0.237804878,0.339473684,0.545731707,0.885205391,0.307926829,0.310975609,62.81797837169126,14.97597824485258,0.36549204870274193,128.30637578355723,12164
2019,"Maikel Franco","PHI",387,0.085271317,0.136950904,0.622641509,0.236467236,0.299741602,0.415954415,0.715696017,0.179487179,0.235087719,37.1359589662959,-11.587341162879287,0.28526220804936175,72.4202359441429,12179
2019,"Jorge Alfaro","MIA",411,0.04379562,0.345498783,0.126760563,0.274151436,0.318734793,0.422976501,0.741711294,0.148825065,0.397379912,50.15380074072858,-1.5910993964574673,0.3154215023755447,96.88958729268299,12180
2019,"Rougned Odor","TEX",517,0.09090909,0.303675048,0.299363057,0.203023758,0.282945736,0.421166306,0.704112042,0.218142548,0.247349823,54.380568485500255,-10.709731687067109,0.29593566489126893,73.21515579909187,12282
2019,"Tommy La Stella","LAA",312,0.064102564,0.086538461,0.74074074,0.300353356,0.352941176,0.494699646,0.847640822,0.19434629,0.2875,49.451083934427764,10.17028383028653,0.35760995336607393,126.25795692259314,12371
2019,"Kevin Pillar","2 Tms",575,0.026086956,0.142608695,0.182926829,0.261904761,0.288695652,0.45054945,0.739245102,0.188644689,0.271714922,64.86334197222521,-7.529158219701744,0.3046978572204109,89.39900935906574,12434
2019,"Curt Casali","CIN",204,0.102941176,0.25490196,0.403846153,0.251396648,0.328431372,0.413407821,0.741839193,0.162011173,0.308943089,24.800892272608344,-0.8827077954840037,0.31489431270824864,89.86537208473274,12510
2019,"Kolten Wong","STL",511,0.088062622,0.146771037,0.6,0.283146067,0.362919132,0.42247191,0.785391042,0.139325843,0.318681318,71.03018667746045,6.695286506895789,0.3350574409819219,108.63791943633463,12532
2019,"Marcus Semien","OAK",668,0.112275449,0.136227544,0.824175824,0.277966101,0.360778443,0.50338983,0.864168273,0.225423729,0.289640591,108.73513547527062,24.633935252301562,0.36256137423250806,130.64251354385723,12533
2019,"C.J. Cron","MIN",470,0.061702127,0.217021276,0.284313725,0.254079254,0.314893617,0.477855477,0.792749094,0.223776223,0.278688524,63.12408424694761,3.9510840900681856,0.3296251460367403,104.07032614689729,12546
2019,"John Hicks","DET",303,0.03960396,0.330033003,0.12,0.210344827,0.240924092,0.372413793,0.613337885,0.162068966,0.277777777,21.748031987699612,-16.39966811343755,0.25728623269021317,54.99832039130816,12547
2019,"Eugenio Suarez","CIN",590,0.094915254,0.286440677,0.331360946,0.268339768,0.347457627,0.565637065,0.913094692,0.297297297,0.305466237,101.69238901339028,27.41138881645654,0.3736472840609705,128.32278767046114,12552
2019,"Trevor Story","COL",589,0.076400679,0.258064516,0.296052631,0.295327102,0.354838709,0.545794392,0.900633101,0.25046729,0.359550561,101.42796502450737,27.272864827907423,0.37346646174510184,116.29103050658418,12564
2019,"George Springer","HOU",498,0.118473895,0.202811244,0.584158415,0.298368298,0.3875502,0.587412587,0.974962787,0.289044289,0.317725752,97.82263773012416,35.12443756389871,0.4014938666786946,156.86106136560252,12856
2019,"Brian Goodwin","LAA",400,0.0775,0.27,0.287037037,0.276243093,0.335839598,0.494475138,0.830314736,0.218232045,0.348547717,59.02165675366717,8.661656620152769,0.34495062251535413,117.70377052623685,12858
2019,"James McCann","CHW",435,0.059770114,0.287356321,0.208,0.27363184,0.32718894,0.457711442,0.784900382,0.184079602,0.360153256,58.95282660408152,4.186326458884606,0.33103323863780526,108.03517683439037,12859
2019,"Anthony Rendon","WSN",569,0.107205623,0.131810193,0.813333333,0.335378323,0.41652021,0.62781186,1.04433207,0.292433537,0.339331619,123.43391137861508,51.796811188690825,0.42520966436515073,162.25909147608405,12861
2019,"Francisco Lindor","CLE",583,0.0703259,0.145797598,0.482352941,0.296435272,0.347079037,0.542213883,0.88929292,0.245778611,0.302600472,95.60984424619461,22.210144051597364,0.36397175312042235,124.07915246579361,12916
2019,"Brandon Nimmo","NYM",189,0.195767195,0.296296296,0.660714285,0.198630136,0.367021276,0.335616438,0.702637714,0.136986302,0.284090909,22.997133019006615,-0.7979670440789434,0.315015725551113,97.68829050676075,12927
2019,"Jose Osuna","PIT",212,0.056603773,0.179245283,0.315789473,0.256410256,0.298578199,0.492307692,0.790885891,0.235897436,0.266666666,27.764735265747127,1.073935194984493,0.3257603035153936,100.93130376651882,12937
2019,"Austin Hedges","SDP",320,0.06875,0.296875,0.231578947,0.18275862,0.251572327,0.317241379,0.568813706,0.134482759,0.231182795,19.865871442665423,-20.4221286641461,0.24607075276058932,49.86832827628025,12976
2019,"Javier Baez","CHC",560,0.05,0.276785714,0.180645161,0.281132075,0.316071428,0.532075471,0.848146899,0.250943396,0.344827586,83.97335636875054,13.469356181830378,0.34772507549402315,113.92700998283807,12979
2019,"Jackie Bradley Jr.","BOS",499,0.106212424,0.26252505,0.404580152,0.223255813,0.322580645,0.416279069,0.738859714,0.193023256,0.275618374,60.56440613363883,-2.2596940329203847,0.31466126973923997,90.40417202248993,12984
2019,"Teoscar Hernandez","TOR",408,0.095588235,0.333333333,0.286764705,0.215258855,0.291666666,0.435967302,0.727633968,0.220708447,0.274881516,46.28159597364447,-5.085604162540225,0.3054801861249844,88.93523982529892,13066
2019,"Josh Bell","PIT",601,0.121464226,0.19467554,0.623931623,0.279069767,0.369384359,0.577519379,0.946903738,0.298449612,0.289972899,107.95268600512678,32.286785804521394,0.3820480961783403,137.7751090244119,13145
2019,"Jorge Polanco","MIN",638,0.086206896,0.161442006,0.533980582,0.298429319,0.361067503,0.485165794,0.846233297,0.186736475,0.331868131,99.89265703400336,19.568456821047896,0.355382435340581,121.4750891922836,13152
2019,"Orlando Arcia","MIL",489,0.08588957,0.198364008,0.43298969,0.218181818,0.282786885,0.345454545,0.62824143,0.127272727,0.244776119,39.086691479253744,-22.47840868396762,0.2667217427405758,59.60395409642424,13185
2019,"Mike Zunino","TBR",276,0.072463768,0.336956521,0.215053763,0.169960474,0.239130434,0.324110671,0.563241105,0.154150197,0.225165562,16.44330012169924,-18.305099970425697,0.24317437496738156,50.05730992582564,13265
2019,"Max Muncy","LAD",534,0.153558052,0.250936329,0.611940298,0.253393665,0.374531835,0.524886877,0.899418712,0.271493212,0.283154121,92.93461845005486,25.704018271813126,0.3755848761123743,136.06919708712815,13301
2019,"Ildemaro Vargas","ARI",187,0.048128342,0.112299465,0.428571428,0.259887005,0.294117647,0.38418079,0.678298437,0.124293785,0.269736842,18.505877102452526,-5.037422959965458,0.28873664746309985,74.5254972219138,13324
2019,"Jake Lamb","ARI",186,0.14516129,0.247311827,0.586956521,0.201298701,0.333333333,0.363636363,0.696969696,0.162337662,0.25,21.115883720700072,-2.301516341384124,0.30558542754199053,85.55405497291547,13329
2019,"Omar Narvaez","SEA",432,0.099537037,0.194444444,0.511904761,0.27748691,0.354166666,0.455497382,0.809664048,0.178010472,0.308510638,63.32795015618563,8.939150011990074,0.3438381197281061,118.42231569481322,13338
2019,"Tyler Naquin","CLE",294,0.047619047,0.224489795,0.212121212,0.288321167,0.325342465,0.467153284,0.792495749,0.178832117,0.345,39.59410221472308,2.5795021165899925,0.33005000517286104,101.15748636389563,13359
2019,"Stephen Piscotty","OAK",389,0.074550128,0.213367609,0.34939759,0.252124645,0.31185567,0.416430594,0.728286264,0.164305949,0.292307692,45.43811565444609,-3.5369844753966726,0.3093813319796139,94.70759728629744,13367
2019,"Christian Walker","ARI",540,0.105555555,0.261111111,0.404255319,0.259958071,0.344444444,0.469601677,0.814046121,0.209643606,0.317307692,78.38146136338062,10.39546118313617,0.34217037683102625,109.5011433770846,13419
2019,"Dwight Smith Jr","BAL",353,0.067988668,0.201133144,0.338028169,0.232919254,0.288951841,0.403726708,0.692678549,0.170807454,0.259259259,36.130993458867664,-8.311706658958798,0.29266089386710364,78.26674028253565,13473
2019,"Tom Murphy","SEA",245,0.044897959,0.330612244,0.135802469,0.275862068,0.310204081,0.556034482,0.866238563,0.280172414,0.348148148,38.28363612255096,7.4381360407733865,0.3550217020268343,125.97930655715983,13499
2019,"Jose  Ramirez","CLE",532,0.095864661,0.137218045,0.698630136,0.253699788,0.325187969,0.463002114,0.788190083,0.209302326,0.259067357,70.9153955532825,3.93659537570833,0.328460258887711,100.08326007133334,13510
2019,"Jesse Winker","CIN",384,0.098958333,0.15625,0.633333333,0.269230769,0.356770833,0.473372781,0.830143614,0.204142012,0.286259541,58.664047789042236,10.318447660868413,0.3509857014835817,113.48939492549033,13590
2019,"Jose Peraza","CIN",341,0.041055718,0.152492668,0.269230769,0.242902208,0.29032258,0.356466876,0.646789456,0.113564668,0.272030651,30.734245989957245,-12.197654123863787,0.27851915848919373,66.05560739387255,13593
2019,"Mallex Smith","SEA",526,0.074144486,0.254752851,0.291044776,0.23206751,0.303435114,0.348101265,0.651536379,0.116033755,0.310447761,49.81627406986728,-16.407126105704158,0.283815213059651,77.86352647066822,13608
2019,"Mookie Betts","BOS",675,0.14074074,0.146666666,0.959595959,0.290492957,0.389629629,0.52640845,0.916038079,0.235915493,0.304444444,120.04702461233785,35.0645243870323,0.37999546082386876,134.55191215057857,13611
2019,"Ketel Marte","ARI",604,0.084437086,0.139072847,0.607142857,0.329067641,0.389072847,0.595978062,0.985050909,0.266910421,0.341801385,121.08137594292373,45.03777574131697,0.4061615926482749,151.38731055909489,13613
2019,"Carson Kelly","ARI",328,0.134146341,0.204268292,0.656716417,0.252669039,0.356707317,0.508896797,0.865604114,0.256227758,0.269035532,50.5930682546395,9.297868145157686,0.3526934467771518,116.38913669620192,13620
2019,"Jeimer Candelario","DET",335,0.098507462,0.259701492,0.379310344,0.202020202,0.292537313,0.326599326,0.619136639,0.124579124,0.261083743,28.324633262110456,-13.851866849707854,0.2720655381322621,64.98501992944219,13621
2019,"Corey Seager","LAD",483,0.084886128,0.18426501,0.460674157,0.262672811,0.329192546,0.46313364,0.792326186,0.200460829,0.294294294,65.77132226721172,4.961622105993064,0.3317837695322017,107.39869208822745,13624
2019,"Jacob Stallings","PIT",179,0.089385474,0.189944134,0.470588235,0.2625,0.337078651,0.38125,0.718328651,0.11875,0.305785123,19.80862484509245,-2.7274752146552443,0.3022727291018977,85.55724881195711,13723
2019,"David Dahl","COL",413,0.06779661,0.266343825,0.254545454,0.302139037,0.352798053,0.524064171,0.876862224,0.221925134,0.385826771,67.68027143387599,15.683571296022365,0.36383113431814523,109.9841189984248,13744
2019,"Chris Taylor","LAD",361,0.091412742,0.263157894,0.347368421,0.26645768,0.337047353,0.473354231,0.810401584,0.206896551,0.341013824,50.69365460598031,5.243754485483558,0.3367040030072244,110.6192860287754,13757
2019,"Adalberto Mondesi","KCR",395,0.043037974,0.286075949,0.150442477,0.265582655,0.293367346,0.428184281,0.721551627,0.162601626,0.354330708,43.021023496524464,-6.709476635321014,0.30024971463242356,83.23859561056953,13769
2019,"Joey Wendle","TBR",206,0.04368932,0.17961165,0.243243243,0.231182795,0.291262135,0.333333333,0.624595468,0.102150538,0.278145695,17.30306056604104,-8.632339502718882,0.2714226708828824,69.14530055424693,13853
2019,"Rio Ruiz","BAL",352,0.09375,0.230113636,0.407407407,0.234177215,0.304843304,0.370253164,0.675096468,0.136075949,0.281938325,35.667379377630205,-8.649420739862475,0.2914736097694462,77.46446648176729,14103
2019,"Addison Russell","CHC",229,0.087336244,0.240174672,0.363636363,0.226600985,0.302631578,0.389162561,0.691794139,0.162561576,0.262411347,23.54477778017125,-5.286322296265746,0.2931948203956131,78.23362062682574,14106
2019,"Albert Almora Jr.","CHC",350,0.042857142,0.168571428,0.254237288,0.23853211,0.272463768,0.388379204,0.660842972,0.149847094,0.255813953,30.56782922600193,-13.497170890823176,0.27528795931074357,66.51248410008849,14109
2019,"Joey Gallo","TEX",297,0.175084175,0.383838383,0.45614035,0.253112033,0.388513513,0.597510373,0.986023886,0.34439834,0.367924528,58.15213157408314,20.759831474948694,0.40076206971521244,144.04864745026615,14128
2019,"Daniel Vogelbach","SEA",517,0.164410058,0.257253384,0.639097744,0.212616822,0.344294003,0.460280373,0.804574376,0.247663551,0.228464419,74.43603666250684,9.345736489939467,0.3408122402950398,116.37766286216547,14130
2019,"Daniel Robertson","TBR",218,0.105504587,0.252293577,0.418181818,0.211640211,0.316513761,0.301587301,0.618101062,0.08994709,0.287878787,19.80574134128665,-7.640458731478701,0.2793547183001807,74.50515826808875,14145
2019,"Byron Buxton","MIN",295,0.064406779,0.230508474,0.279411764,0.261992619,0.313993174,0.512915129,0.826908303,0.25092251,0.314432989,42.33123237956418,5.190732281097308,0.34025561319638603,111.25356502707734,14161
2019,"Carlos Correa","HOU",310,0.109677419,0.225806451,0.485714285,0.277777777,0.358064516,0.555555555,0.913620071,0.277777778,0.302702702,54.157285350223326,15.12828524674966,0.3763554019312705,139.8744515910843,14162
2019,"Jorge Soler","KCR",605,0.109090909,0.262809917,0.415094339,0.25,0.343283582,0.536259541,0.879543123,0.286259541,0.275229357,98.74204731130123,22.57254710936071,0.36306211332480115,125.68230553116871,14221
2019,"Yasiel Puig","2 Tms",555,0.068468468,0.219819819,0.311475409,0.255445544,0.315315315,0.455445544,0.770760859,0.2,0.289256198,71.5391517939733,1.6646516087220573,0.3233715730453656,95.76273276644889,14225
2019,"Mitch Haniger","SEA",283,0.106007067,0.286219081,0.37037037,0.219512195,0.314487632,0.463414634,0.777902266,0.243902439,0.256578947,37.00194002987783,1.3722399354163857,0.3255094661780283,106.03724410529176,14274
2019,"Matt Olson","OAK",473,0.093023255,0.238900634,0.38938053,0.274038461,0.359408033,0.552884615,0.912292648,0.278846154,0.304029304,82.09898498195281,22.548284824072034,0.37504801249861464,139.08000778835572,14344
2019,"Raimel Tapia","COL",407,0.049140049,0.211302211,0.232558139,0.281653746,0.316953316,0.426356589,0.743309905,0.144702843,0.344709897,49.413745822690956,-1.8275543131599508,0.3147053914808231,77.8283136875672,14350
2019,"Lewis Brinson","MIA",204,0.049019607,0.289215686,0.169491525,0.181818181,0.237623762,0.240641711,0.478265473,0.05882353,0.263565891,6.923128515912071,-18.760471552180277,0.21351240176965694,30.18384384287754,14352
2019,"Harold Ramirez","MIA",385,0.038961038,0.21038961,0.185185185,0.271978021,0.309090909,0.409340659,0.718431568,0.137362638,0.324817518,43.3717783142309,-5.0997218142767125,0.30457632150501013,89.7907526595097,14387
2019,"Ronald Guzman","TEX",251,0.111553784,0.294820717,0.378378378,0.211981566,0.302788844,0.414746543,0.717535387,0.202764977,0.268115942,27.810729757834356,-3.790170325945934,0.30243123102188113,77.60435172787638,14388
2019,"Jake Cave","MIN",190,0.078947368,0.326315789,0.241935483,0.253012048,0.342105263,0.445783132,0.787888395,0.192771084,0.357142857,26.620759604739384,2.699759541320044,0.3363380043130172,108.60635112521044,14477
2019,"Renato Nunez","BAL",547,0.074954296,0.228519195,0.328,0.25050505,0.314442413,0.47070707,0.785149483,0.22020202,0.275362318,72.74326402972446,3.875963847143513,0.32809728733349197,102.21188544863043,14503
2019,"Pedro Severino","BAL",315,0.082539682,0.215873015,0.382352941,0.255319148,0.324840764,0.418439716,0.74328048,0.163120568,0.297560975,39.024456595825704,-0.6340435093168896,0.31757145398741315,95.09934992198203,14523
2019,"Anthony Santander","BAL",356,0.04494382,0.199438202,0.225352112,0.281437125,0.315492957,0.505988023,0.82148098,0.224550898,0.306451612,51.03930549769829,6.218905378870472,0.34010884661070057,110.328358442326,14551
2019,"Nomar Mazara","TEX",449,0.06013363,0.22494432,0.267326732,0.268292682,0.318485523,0.463414634,0.781900157,0.195121952,0.312080536,58.659154417967265,2.130054268097346,0.32538810299013554,93.11681160505613,14553
2019,"Franmil Reyes","2 Tms",499,0.088176352,0.288577154,0.305555555,0.25,0.31262525,0.515625,0.82825025,0.265625,0.281588447,71.53208370741962,8.707983540860385,0.3400732905989191,110.29024946653902,14566
2019,"David Bote","CHC",331,0.120845921,0.262839879,0.459770114,0.264084507,0.362537764,0.440140845,0.802678609,0.176056338,0.340425531,47.56104287479518,5.888142764312003,0.3404791726978547,109.18412313456074,14593
2019,"Harold Castro","DET",313,0.022364217,0.239616613,0.093333333,0.293333333,0.305466237,0.383333333,0.68879957,0.09,0.373333333,31.794667182518328,-7.612032921956691,0.2917658581227735,78.29695649654094,14691
2019,"Manuel Margot","SDP",394,0.091370558,0.185279187,0.493150684,0.240112994,0.31377551,0.398305084,0.712080594,0.15819209,0.274074074,44.48009677312673,-5.124503358384956,0.3048535920774845,88.34529427255758,14712
2019,"Dawel Lugo","DET",228,0.026315789,0.210526315,0.125,0.24074074,0.267543859,0.36574074,0.633284599,0.125,0.287425149,18.270557332679374,-10.434642743423835,0.26695558742473,61.532114610521916,14713
2019,"Phillip Ervin","CIN",200,0.07,0.255,0.274509803,0.289617486,0.35,0.508196721,0.858196721,0.218579235,0.373015873,31.87315778848463,6.693157721727429,0.3586149388551712,118.48319771445847,14738
2019,"Luke Voit","NYY",453,0.136865342,0.2803532,0.488188976,0.274869109,0.386313465,0.479057591,0.865371056,0.204188482,0.362869198,75.949940842587,18.91724069138193,0.368210005654464,131.3446754072538,14811
2019,"Kyle Farmer","CIN",177,0.050847457,0.299435028,0.16981132,0.237804878,0.288135593,0.420731707,0.7088673,0.182926829,0.298076923,18.74975362301809,-3.5345464360620333,0.29679862883957947,78.02063948955086,14813
2019,"JaCoby Jones","DET",333,0.081081081,0.282282282,0.287234042,0.234899328,0.310240963,0.429530201,0.739771164,0.194630873,0.304123711,39.499693650144,-2.4250064610067392,0.3114754676818848,91.61517022807139,14818
2019,"Mike Yastrzemski","SFG",341,0.076246334,0.258064516,0.295454545,0.268608414,0.328445747,0.52750809,0.855953837,0.258899676,0.312195121,52.49744064228762,9.565540528466588,0.35235134222928216,120.74831472378571,14854
2019,"Tony Kemp","2 Tms",246,0.073170731,0.170731707,0.428571428,0.211009174,0.281632653,0.366972477,0.64860513,0.155963303,0.225433526,21.58974891115301,-9.38165117095835,0.2755340113014471,71.15856913543038,14894
2019,"Johan Camargo","ATL",247,0.060728744,0.174089068,0.348837209,0.233766233,0.280487804,0.385281385,0.665769189,0.151515152,0.259668508,22.51378254276381,-8.583517539681335,0.2796981789049555,68.0268406078244,14950
2019,"Victor Caratini","CHC",228,0.114035087,0.219298245,0.52,0.275,0.359649122,0.455,0.814649122,0.18,0.323943661,34.16064468507834,5.455444608975129,0.34758043080045464,113.83233117826427,14968
2019,"Adam Engel","CHW",193,0.067357512,0.300518134,0.224137931,0.225433526,0.302083333,0.341040462,0.643123795,0.115606936,0.321428571,17.99136008886931,-6.307339975551389,0.28209351437787217,74.96553607356427,15082
2019,"Ryan McMahon","COL",479,0.108559498,0.292275574,0.371428571,0.258215962,0.338204592,0.455399061,0.793603653,0.197183099,0.337078651,66.92683176560278,6.620731605719288,0.3358899858706167,91.69492726822043,15112
2019,"Hunter Dozier","KCR",517,0.10058027,0.234042553,0.429752066,0.290393013,0.363636363,0.548034934,0.911671297,0.257641921,0.341772151,90.2047874401942,25.11448726762683,0.37609675856469904,134.49010005895963,15117
2019,"Tim Locastro","ARI",220,0.059090909,0.163636363,0.361111111,0.248648648,0.360730593,0.335135135,0.695865728,0.086486487,0.302013422,26.66852084145504,-1.0294792319778812,0.31448657817492204,91.38040283584715,15124
2019,"Trey Mancini","BAL",594,0.092592592,0.208754208,0.443548387,0.27735849,0.35016835,0.513207547,0.863375897,0.235849057,0.308707124,94.9042086208996,20.119608422630716,0.3590841646323551,123.15039534154666,15149
2019,"Mitch Garver","MIN",321,0.109034267,0.249221183,0.4375,0.275,0.364485981,0.646428571,1.010914552,0.371428571,0.274853801,65.43906590873779,25.025165801592486,0.4100881350746036,158.44092553752134,15161
2019,"Josh VanMeter","CIN",220,0.104545454,0.213636363,0.489361702,0.24742268,0.331818181,0.412371134,0.744189315,0.164948454,0.295774647,27.630740787152625,-0.06725928628030024,0.3195463288914074,92.91040139215656,15170
2019,"Tim Anderson","CHW",451,0.026607538,0.210643015,0.126315789,0.331034482,0.352549889,0.510344827,0.862894716,0.179310345,0.393846153,73.13618099308574,16.35528084254825,0.36185260886892245,128.86049854247264,15172
2019,"Ryan Cordell","CHW",225,0.057777777,0.288888888,0.2,0.222772277,0.277272727,0.351485148,0.628757875,0.128712871,0.293233082,18.67529369329092,-9.652206381810931,0.270272605527531,66.97788973802305,15181
2019,"Chad Pinder","OAK",333,0.051051051,0.234234234,0.217948717,0.241042345,0.289156626,0.420195439,0.709352065,0.179153094,0.281818181,35.77636019079614,-6.148339920354602,0.29854050601821347,87.38221436852616,15191
2019,"Jake Bauers","CLE",404,0.103960396,0.272277227,0.381818181,0.230337078,0.314356435,0.382022471,0.696378906,0.151685393,0.295358649,44.18165210525052,-6.681948029599028,0.30076629661097387,81.36984479193104,15194
2019,"Brandon Dixon","DET",379,0.050131926,0.327176781,0.153225806,0.24715909,0.290237467,0.446022727,0.736260194,0.198863637,0.331797235,43.41791515932001,-4.2981849671848895,0.3067803231896071,88.44255853015646,15214
2019,"Adam Frazier","PIT",544,0.06617647,0.121323529,0.545454545,0.276767676,0.335185185,0.418181818,0.753367003,0.141414142,0.304038004,68.33451526899542,-0.1550849125841692,0.3195702079961549,96.87950739915618,15223
2019,"Mike Tauchman","NYY",296,0.114864864,0.239864864,0.478873239,0.276923076,0.361486486,0.503846153,0.865332639,0.226923077,0.333333333,48.440086798710084,11.173686699909425,0.36356990885090185,128.2092606351096,15274
2019,"Garrett Cooper","MIA",412,0.080097087,0.262135922,0.305555555,0.279569892,0.344660194,0.440860215,0.785520409,0.161290323,0.357142857,57.236923543779085,5.366123406259246,0.33496749516829705,109.6836358413732,15279
2019,"Jeff McNeil","NYM",508,0.062992125,0.137795275,0.457142857,0.321663019,0.389763779,0.518599562,0.908363341,0.196936543,0.349593495,91.77582651792846,27.81862634836518,0.3832504139116159,142.35207017993906,15362
2019,"Kris Bryant","CHC",585,0.117948717,0.227350427,0.518796992,0.280876494,0.381196581,0.52191235,0.903108931,0.241035856,0.330409356,103.82601920450203,30.174519009237212,0.37957081647768415,134.77199649920732,15429
2019,"Ryon Healy","SEA",187,0.069518716,0.213903743,0.325,0.23668639,0.288770053,0.455621301,0.744391354,0.218934911,0.261904761,21.553890214071316,-1.9894098483466687,0.30759278210726654,93.93054929233418,15447
2019,"Hunter Renfroe","SDP",462,0.088744588,0.309523809,0.286713286,0.222222222,0.29004329,0.497584541,0.787627831,0.275362319,0.247967479,59.276786510117844,1.1109863559086999,0.32268192323324735,100.01502815445762,15464
2019,"Victor Reyes","DET",216,0.050925925,0.226851851,0.224489795,0.308823529,0.342592592,0.421568627,0.764161219,0.112745098,0.4,28.220657418015133,1.0262573459173558,0.32539642684989506,101.02186643843658,15487
2019,"J.P. Crawford","SEA",338,0.106508875,0.210059171,0.507042253,0.237288135,0.319402985,0.393220338,0.712623323,0.155932203,0.28959276,38.43276058578339,-4.121439527036283,0.3057938177194168,92.71494975745051,15491
2019,"Amed Rosario","NYM",585,0.049572649,0.194871794,0.254385964,0.287795992,0.324185248,0.426229508,0.750414756,0.138433516,0.342723004,71.990263499093,-1.661236696171815,0.3166148720017399,98.7350297306375,15518
2019,"Tyler White","2 Tms",279,0.129032258,0.279569892,0.461538461,0.208333333,0.308243727,0.304166666,0.612410393,0.095833333,0.290123456,24.01635765234962,-11.109742440776676,0.2738343528521958,70.75790942176235,15564
2019,"Aaron Judge","NYY",389,0.13881748,0.305912596,0.453781512,0.271903323,0.376288659,0.510574018,0.886862677,0.238670695,0.359375,65.96130953778861,16.986209407945854,0.370415466837585,132.8349537065426,15640
2019,"Dominic Smith","NYM",196,0.096938775,0.224489795,0.431818181,0.27840909,0.352040816,0.505681818,0.857722634,0.227272728,0.319672131,31.51839434222725,6.841994276805194,0.3602835177158823,127.31883098577026,15653
2019,"Billy McKinney","TOR",241,0.058091286,0.261410788,0.222222222,0.212669683,0.263598326,0.407239819,0.670838145,0.194570136,0.251655629,22.205647363440846,-8.136252717001584,0.2808442694372712,72.28821275278818,15654
2019,"Austin Meadows","TBR",522,0.084291187,0.229885057,0.366666666,0.288747346,0.358237547,0.560509554,0.918747101,0.271762208,0.332298136,91.49781745971192,25.778017285475638,0.37702898392381595,140.50579322457878,15672
2019,"Jose Abreu","CHW",614,0.053745928,0.218241042,0.246268656,0.282918149,0.330618892,0.508896797,0.839515689,0.225978648,0.316049382,91.2470650856219,13.944464880677286,0.34617308241422057,118.26550000094282,15676
2019,"Rowdy Tellez","TOR",353,0.062322946,0.28611898,0.217821782,0.222910216,0.283286118,0.436532507,0.719818625,0.213622291,0.262135922,37.940947178981084,-6.501752938845379,0.29859247139522005,84.28106052166038,15679
2019,"Chance Sisco","BAL",177,0.09039548,0.310734463,0.29090909,0.214285714,0.31638418,0.409090909,0.725475089,0.194805195,0.274725274,21.243423242759228,-1.0408768163208981,0.313096958365144,92.07583548556187,15694
2019,"Aledmys Diaz","HOU",197,0.091370558,0.121827411,0.75,0.258823529,0.329949238,0.44117647,0.771125708,0.182352941,0.255172413,25.13287405732156,0.3305739915657151,0.3218412490523591,103.03804764014758,15937
2019,"Austin Nola","SEA",203,0.083743842,0.231527093,0.361702127,0.26519337,0.336633663,0.475138121,0.811771784,0.209944751,0.309523809,29.098680556407167,3.5409804886486067,0.3400792523996154,115.88236692925469,15941
2019,"Clint Frazier","NYY",220,0.063636363,0.281818181,0.225806451,0.27363184,0.322727272,0.492537313,0.815264585,0.218905473,0.335877862,30.9713258720541,3.2733257986211717,0.3371125078636762,110.33141683146175,15983
2019,"Willy Adames","TBR",534,0.076779026,0.262172284,0.292857142,0.248459958,0.310734463,0.402464065,0.713198528,0.154004107,0.315151515,60.201011059074034,-7.029589119167692,0.30467119036980395,91.6120514787509,15986
2019,"Cody Bellinger","LAD",601,0.148086522,0.16139767,0.917525773,0.304950495,0.409317803,0.637623762,1.046941565,0.332673267,0.298913043,127.15595874862547,51.490058548020066,0.4190120334477769,164.49492941865594,15998
2019,"Stevie Wilkerson","BAL",319,0.050156739,0.31661442,0.158415841,0.213559322,0.26645768,0.372881355,0.639339035,0.159322033,0.284946236,26.903602311154604,-13.258497795323137,0.2718181654951042,64.18285341638513,16041
2019,"J.D. Davis","NYM",400,0.09,0.22,0.409090909,0.302777777,0.3675,0.508333333,0.875833333,0.205555556,0.35546875,66.4675809574734,16.107580823958994,0.3664851856591114,131.37820221289724,16219
2019,"Trea Turner","WSN",485,0.076288659,0.202061855,0.37755102,0.300225733,0.35670103,0.478555304,0.835256334,0.178329571,0.359281437,74.1527948518896,13.091294690003387,0.35112614636589035,113.76689484068172,16252
2019,"Yairo Munoz","STL",173,0.028901734,0.196531791,0.147058823,0.271084337,0.294797687,0.361445783,0.65624347,0.090361446,0.328244274,15.893254530626786,-5.887445527118194,0.28053065600422766,72.94680148671122,16313
2019,"Oscar Mercado","CLE",415,0.057831325,0.171084337,0.338028169,0.271276595,0.320293398,0.42287234,0.743165738,0.151595745,0.307692307,50.485530497273714,-1.762969641247483,0.31498556440208825,90.97811465541925,16375
2019,"Michael Conforto","NYM",583,0.121783876,0.229845626,0.529850746,0.257545271,0.358490566,0.488933601,0.847424167,0.23138833,0.292035398,91.01702825867187,17.617328064074634,0.35485819563758597,123.76762564163744,16376
2019,"Francisco Mejia","SDP",222,0.054054054,0.22072072,0.244897959,0.263414634,0.315315315,0.43902439,0.754339705,0.175609756,0.308724832,27.416511297593377,-0.5332887765071164,0.31712101649374985,96.37507435143307,16403
2019,"Jordan Luplow","CLE",227,0.110132158,0.237885462,0.462962962,0.271356783,0.356828193,0.517587939,0.874416132,0.246231156,0.313432835,37.559142842481734,8.979842766712313,0.36566362086896853,125.22238446199543,16424
2019,"Ryan O'Hearn","KCR",331,0.111782477,0.250755287,0.445783132,0.188356164,0.280966767,0.352739726,0.633706493,0.164383562,0.217171717,28.494445569962366,-13.178454540520802,0.2738410664327217,65.39369513044633,16442
2019,"Rhys Hoskins","PHI",632,0.169303797,0.237341772,0.713333333,0.235756385,0.374603174,0.475442043,0.850045217,0.239685658,0.275964391,100.46901537967808,20.900215168725328,0.35815702493374163,120.13435494824154,16472
2019,"Kyle Schwarber","CHC",540,0.114814814,0.253703703,0.452554744,0.234541577,0.325925925,0.513859275,0.8397852,0.279317698,0.24834437,79.44694261297197,11.460942432727512,0.34445297517509105,111.7852200630073,16478
2019,"Matt Chapman","OAK",600,0.111666666,0.213333333,0.5234375,0.25527831,0.348333333,0.518234165,0.866567498,0.262955855,0.277472527,96.98079141082933,21.44079121055773,0.3612396758794785,129.7494130944816,16505
2019,"Isiah Kiner-Falefa","TEX",197,0.071065989,0.228426395,0.311111111,0.231638418,0.301020408,0.322033898,0.623054306,0.09039548,0.303030303,17.019012467130747,-7.783287598625096,0.2741938920653596,58.52376495598997,16512
2019,"Danny Jansen","TOR",357,0.081232492,0.201680672,0.402777777,0.204334365,0.277310924,0.359133126,0.63644405,0.154798761,0.225,30.898374210524572,-14.047925908637037,0.2743779951784791,67.91880998166755,16535
2019,"Ozzie Albies","ATL",635,0.078740157,0.159055118,0.495049504,0.287931034,0.346456692,0.487931034,0.834387726,0.2,0.317391304,95.21852788714762,15.272027675193497,0.34772277975839283,112.55310514972385,16556
2019,"Yandy Diaz","TBR",344,0.101744186,0.174418604,0.583333333,0.269736842,0.343023255,0.480263157,0.823286412,0.210526315,0.29059829,50.54948923261339,7.239889117790996,0.34424731230944305,118.35450160575338,16578
2019,"Luis Urias","SDP",183,0.120218579,0.196721311,0.611111111,0.207792207,0.333333333,0.285714285,0.619047618,0.077922078,0.258620689,17.589034304315533,-5.450665756767309,0.28544312943526307,75.63995850218919,16622
2019,"Greg Allen","CLE",225,0.04,0.208888888,0.191489361,0.232673267,0.294117647,0.361386138,0.655503785,0.128712871,0.282894736,20.833653066907697,-7.493847008194152,0.2813699402592399,68.26330309557846,16623
2019,"Colin Moran","PIT",462,0.062770562,0.235930735,0.266055045,0.28169014,0.329004329,0.443661971,0.7726663,0.161971831,0.347402597,59.50869767847894,1.342897524269804,0.3232626303314642,99.29642380351157,16909
2019,"Gleyber Torres","NYY",558,0.08422939,0.206093189,0.408695652,0.286852589,0.346499102,0.549800796,0.896299898,0.262948207,0.302521008,93.46163714265536,23.20943695640278,0.36801803757567697,131.2149583829135,16997
2019,"Alex Verdugo","LAD",377,0.068965517,0.129973474,0.530612244,0.294460641,0.342175066,0.475218658,0.817393724,0.180758017,0.309027777,54.43027611687967,6.96597599104234,0.3412755940188753,113.61167213921665,17027
2019,"Grayson Greiner","DET",191,0.068062827,0.319371727,0.213114754,0.1875,0.246073298,0.295454545,0.541527843,0.107954545,0.252252252,10.239735636799088,-13.80716442695404,0.2362726096707489,40.79895627870662,17062
2019,"Ramon Laureano","OAK",427,0.051522248,0.269320843,0.191304347,0.284237726,0.334894613,0.516795865,0.851690478,0.232558139,0.34496124,65.85824059409637,12.098940451569748,0.3526790974011745,123.96484321258423,17128
2019,"Jung Ho Kang","PIT",185,0.059459459,0.324324324,0.183333333,0.168604651,0.221621621,0.395348837,0.616970458,0.226744186,0.184466019,13.037561604127712,-10.253938457622699,0.2557795763015747,55.124634801704865,17182
2019,"Yoan Moncada","CHW",487,0.078028747,0.275154004,0.283582089,0.300904977,0.358024691,0.531674208,0.889698899,0.230769231,0.381944444,82.28568185717964,20.97238169462586,0.3697191474363976,134.17609049546132,17232
2019,"Michael Chavis","BOS",382,0.081151832,0.332460732,0.244094488,0.253602305,0.321989528,0.443804034,0.765793562,0.190201729,0.346534653,49.17809080056875,1.0842906730624908,0.3231836783258539,96.16294967475876,17321
2019,"Rafael Devers","BOS",629,0.069952305,0.163751987,0.427184466,0.31433506,0.364649681,0.564766839,0.92941652,0.250431779,0.340757238,113.01905647564834,33.82795626569693,0.38211607415576454,135.9848569033104,17350
2019,"Eloy Jimenez","CHW",437,0.057208237,0.267734553,0.213675213,0.248768472,0.297482837,0.472906403,0.77038924,0.224137931,0.285714285,55.39425244879606,0.37595230293157156,0.3208952482014008,101.18471523415893,17484
2019,"Alex Bregman","HOU",621,0.162640901,0.122383252,1.328947368,0.297619047,0.417069243,0.581349206,0.998418449,0.283730159,0.286783042,127.92735776831937,49.743457561038255,0.4125663043991212,164.34294940845984,17678
2019,"Kevin Newman","PIT",461,0.056399132,0.114967462,0.490566037,0.312941176,0.361655773,0.444705882,0.806361655,0.131764706,0.338842975,67.3259655803112,9.286065426435854,0.34320281423155535,112.34849455748086,17696
2019,"Matt Beaty","LAD",238,0.06302521,0.113445378,0.555555555,0.283783783,0.331932773,0.495495495,0.827428268,0.211711712,0.29032258,34.77433107703829,4.81013099759722,0.3432806997986163,114.92413658977031,17710
2019,"Christin Stewart","DET",353,0.090651558,0.240793201,0.376470588,0.242718446,0.320113314,0.417475728,0.737589042,0.174757282,0.295454545,41.46417813928926,-2.9785219785372017,0.31013879844120573,90.71195362287503,17714
2019,"Steven Duggar","SFG",281,0.056939501,0.277580071,0.205128205,0.233716475,0.277580071,0.340996168,0.618576239,0.107279693,0.313186813,22.136327096268015,-13.241572997525852,0.26538567271521085,63.823961500605066,17719
2019,"Richie Martin","BAL",293,0.047781569,0.269624573,0.177215189,0.197026022,0.249134948,0.297397769,0.546532717,0.100371747,0.258064516,16.126098430397956,-20.762601667401345,0.23792308589578912,41.27920769996181,17736
2019,"Willie Calhoun","TEX",270,0.051851851,0.151851851,0.341463414,0.272727272,0.314814814,0.541501976,0.85631679,0.268774704,0.261538461,41.61317167261548,7.620171582493254,0.352549648726428,111.47046139754819,17838
2019,"Andrew Benintendi","BOS",572,0.097902097,0.232517482,0.421052631,0.274353876,0.351493848,0.449304174,0.800798022,0.174950298,0.346260387,81.8740258741654,9.859225683239805,0.33983996342605266,107.41796537014608,17901
2019,"Scott Kingery","PHI",443,0.069977426,0.293453724,0.238461538,0.266666666,0.325791855,0.498765432,0.824557287,0.232098766,0.346303501,64.64158766848736,8.867887520620156,0.3430576246071294,110.25087331171817,17975
2019,"David Fletcher","LAA",582,0.085910652,0.092783505,0.925925925,0.288679245,0.34939759,0.388679245,0.738076835,0.1,0.313559322,73.04120605048755,-0.23259414377590834,0.31943767481836777,100.46411444219503,17992
2019,"Paul DeJong","STL",591,0.093062605,0.214890016,0.433070866,0.242307692,0.323728813,0.451923076,0.775651889,0.209615384,0.268817204,78.01515691379555,3.608256716528028,0.3269629765852198,103.33959708632065,18015
2019,"Harrison Bader","STL",335,0.122388059,0.259701492,0.471264367,0.212014134,0.326347305,0.35335689,0.679704195,0.141342756,0.27748691,35.054424333305406,-7.122075778512906,0.2953054363077337,82.61779945051792,18030
2019,"Dylan Moore","SEA",253,0.09486166,0.320158102,0.296296296,0.213636363,0.313492063,0.4,0.713492063,0.186363637,0.297709923,29.2211345662067,-2.6315655182411613,0.3078670837576427,94.11590090955748,18042
2019,"Brian Anderson","MIA",520,0.084615384,0.219230769,0.385964912,0.261437908,0.342307692,0.468409586,0.810717278,0.206971678,0.304878048,75.50389277522191,10.03589260165319,0.3422269924527648,114.43542111426066,18289
2019,"Dansby Swanson","ATL",480,0.0875,0.214583333,0.40776699,0.25526932,0.325678496,0.44262295,0.768301446,0.18735363,0.294871794,62.10106118881147,1.6690610285941925,0.32392262065759764,96.97444438632513,18314
2019,"Austin Riley","ATL",265,0.056603773,0.36226415,0.15625,0.233606557,0.289473684,0.487704918,0.777178602,0.254098361,0.300751879,32.74105209129819,-0.6224479971551078,0.31718272446679524,92.56276983018633,18360
2019,"Victor Robles","WSN",550,0.058181818,0.23090909,0.251968503,0.248971193,0.321691176,0.425925925,0.747617101,0.176954732,0.300578034,67.68945631820134,-1.5555438653809752,0.3166281286757887,91.18583089368211,18363
2019,"Ronald Acuna Jr.","ATL",668,0.101796407,0.257485029,0.395348837,0.282793867,0.365413533,0.516183986,0.881597519,0.233390119,0.338624338,112.4439115928525,28.342711369883453,0.36898428075623296,126.47005881222888,18401
2019,"Luis Arraez","MIN",298,0.104026845,0.080536912,1.291666666,0.342205323,0.409395973,0.44486692,0.854262893,0.102661597,0.364016736,49.75168725620888,12.233487156740651,0.3673910211633753,129.58955295787698,18568
2019,"Guillermo Heredia","TBR",218,0.077981651,0.252293577,0.309090909,0.223958333,0.305555555,0.348958333,0.654513888,0.125,0.291044776,21.155687124589537,-6.290512948175811,0.2865184164709515,79.34582561161784,18721
2019,"Josh Naylor","SDP",229,0.087336244,0.218340611,0.4,0.25,0.31441048,0.408653846,0.723064326,0.158653846,0.296052631,26.27190267135765,-2.559197405079347,0.30697157717587653,89.73164514567759,18839
2019,"Brandon Lowe","TBR",307,0.071661237,0.338762214,0.211538461,0.275985663,0.338762214,0.523297491,0.862059705,0.247311828,0.38125,48.91265738274913,10.261357280276824,0.358567308913613,128.0308361286238,18882
2019,"Yuli Gurriel","HOU",561,0.062388591,0.106951871,0.583333333,0.304263565,0.349376114,0.546511627,0.895887741,0.242248062,0.298850574,94.44331403230254,23.81341384504858,0.3690061965867317,134.90843299787346,19198
2019,"Lourdes Gurriel Jr.","TOR",321,0.062305295,0.246105919,0.253164556,0.278911564,0.33125,0.547619047,0.878869047,0.268707483,0.318181818,52.13491145467483,11.721011347529515,0.362141327932477,127.22241109581738,19238
2019,"Pete Alonso","NYM",617,0.103727714,0.25445705,0.407643312,0.267924528,0.366288492,0.594339622,0.960628114,0.326415094,0.288753799,116.40735133835308,38.72705113240712,0.3925117238699709,148.41416436405223,19251
2019,"Cavan Biggio","TOR",357,0.170868347,0.288515406,0.592233009,0.208191126,0.345505617,0.385665529,0.731171146,0.177474403,0.269662921,45.301662482090116,0.3553623629285105,0.3210515503802996,99.45715080592171,19252
2019,"Garrett Hampson","COL",252,0.075396825,0.297619047,0.253333333,0.218340611,0.276,0.323144104,0.599144104,0.104803493,0.307189542,18.22139435899987,-13.505405725114205,0.2579010265419282,40.646380259492894,19262
2019,"Nick Senzel","CIN",414,0.072463768,0.243961352,0.297029702,0.256,0.315403422,0.426666666,0.742070088,0.170666666,0.319391634,50.30953096883254,-1.8130691693548662,0.3148336993452972,89.82569692898484,19293
2019,"Bryan Reynolds","PIT",497,0.084507042,0.22334004,0.378378378,0.329596412,0.392354124,0.529147982,0.921502106,0.19955157,0.406832298,91.43872160798423,28.866421442092587,0.38709145484555896,141.07629593883559,19326
2019,"Nicky Lopez","KCR",365,0.04109589,0.136986301,0.3,0.226086956,0.260387811,0.298550724,0.558938535,0.072463768,0.259385665,21.585309732124916,-24.368190389706978,0.2426661246371071,44.328105948844176,19339
2019,"Tommy Edman","STL",271,0.036900369,0.173431734,0.212765957,0.277992277,0.309963099,0.444015444,0.753978543,0.166023167,0.31707317,33.467394918043986,-0.6515051724120184,0.317118845742567,96.89601096327351,19470
2019,"Yordan Alvarez","HOU",312,0.137820512,0.25,0.551282051,0.313207547,0.41025641,0.667924528,1.078180938,0.354716981,0.357575757,70.21011950073549,30.92931939659425,0.4345814666964791,179.21907548955735,19556
2019,"Vladimir Guerrero Jr.","TOR",454,0.099118942,0.171806167,0.576923076,0.273399014,0.348017621,0.45320197,0.801219591,0.179802956,0.305732484,65.36273947227787,8.204139320739008,0.34080522018382203,112.80513700708794,19611
2019,"Bo Bichette","TOR",175,0.051428571,0.245714285,0.209302325,0.307228915,0.342857142,0.578313253,0.921170395,0.271084338,0.362831858,31.09621112363369,9.063711065221135,0.379816370010376,139.1658231355771,19612
2019,"Fernando Tatis Jr.","SDP",372,0.080645161,0.295698924,0.272727272,0.317365269,0.379032258,0.589820359,0.968852617,0.27245509,0.409756097,72.07181325522157,25.237013131053168,0.3983824394462565,149.56564908527452,19709
2019,"Shohei Ohtani","LAA",420,0.078571428,0.257142857,0.305555555,0.287598944,0.344497607,0.501319261,0.845816868,0.213720317,0.356589147,64.49575537414269,11.617755233952566,0.3519000355288279,122.39964070796441,19755
2019,"Luis Rengifo","LAA",396,0.101010101,0.222222222,0.454545454,0.236311239,0.321518987,0.365994236,0.687513223,0.129682997,0.294117647,42.811106195895334,-7.045293936283926,0.299318299716032,86.86901318186233,19858
2019,"Adam Haseley","PHI",174,0.057471264,0.247126436,0.232558139,0.260869565,0.316091954,0.397515527,0.713607481,0.136645962,0.333333333,19.56050207407119,-2.3460979840075753,0.30430181109147264,84.88282140866231,19878
2019,"Keston Hiura","MIL",295,0.077966101,0.301694915,0.258426966,0.300751879,0.369491525,0.571428571,0.940920096,0.270676692,0.397515527,54.83349627452162,17.692996176054745,0.38928360355143643,139.8281931032759,20003
2019,"Juan Soto","WSN",584,0.15239726,0.200342465,0.76068376,0.295081967,0.404109589,0.575819672,0.979929261,0.280737705,0.324561403,116.52860983985427,43.003009644923246,0.40508506941221833,149.08631240159184,20123