Season,Name,Tm,IP,TBF,K/9,BB/9,K/BB,HR/9,K%,BB%,K-BB%,AVG,WHIP,BABIP,LOB%,FIP,xFIP,playerId
2019,"Fernando Rodney","2 Tms",39,171,9.2308,4.8462,1.9048,1.1538,0.2339,0.1228,0.1111,0.273333333,1.5897,0.3429,0.6727,4.453807140461426,4.367916560020202,494
2019,"Adam Ottavino","NYY",61.1,257,11.8859,5.2826,2.25,0.7337,0.3152,0.1401,0.1751,0.189814814,1.2554,0.2707,0.9167,3.500211973461426,4.321065596259407,1247
2019,"Oliver Perez","CLE",37.2,158,10.7522,2.3894,4.5,0.9558,0.2848,0.0633,0.2215,0.236111111,1.1681,0.3125,0.7971,3.249586559461426,3.716979257513956,1514
2019,"Sean Doolittle","WSN",55,242,9.9818,2.2909,4.3571,1.6364,0.2521,0.0579,0.1942,0.271111111,1.3636,0.329,0.8254,4.2412197284614255,5.0595326466993855,1581
2019,"Hector Rondon","HOU",54.1,224,6.7914,2.9816,2.2778,1.3252,0.183,0.0804,0.1027,0.222772277,1.1595,0.2387,0.9108,4.732241289461426,4.831250674239438,2391
2019,"Luis Avilan","NYM",29,127,8.069,3.7241,2.1667,1.2414,0.2047,0.0945,0.1102,0.267857142,1.4483,0.3171,0.7614,4.774762047461426,4.627494435474791,2882
2019,"Kenley Jansen","LAD",54.2,229,11.689,2.3049,5.0714,1.4817,0.31,0.0611,0.2489,0.219047619,1.0976,0.2803,0.754,3.698647376461426,3.7047640757944555,3096
2019,"Tony Watson","SFG",54,231,6.8333,2,3.4167,1.5,0.1775,0.0519,0.1255,0.264150943,1.2593,0.2866,0.7781,4.815630502461426,4.895478954248958,3132
2019,"Will Harris","HOU",54.2,211,9.2195,2.1402,4.3077,0.9878,0.2654,0.0616,0.2038,0.208121827,0.9878,0.2574,0.8772,3.314501268461426,3.088178918331078,3192
2019,"Francisco Liriano","PIT",64,277,8.2969,4.5,1.8438,1.125,0.213,0.1155,0.0975,0.239495798,1.3906,0.28,0.7673,4.644912910461426,5.03970493497327,3201
2019,"T.J. McFarland","ARI",53.1,239,5.9063,3.2063,1.8421,1.0125,0.1464,0.0795,0.0669,0.320930232,1.65,0.3539,0.67,4.498038706461426,4.2660580111285125,3237
2019,"Zack Britton","NYY",56.1,230,7.5089,5.1124,1.4688,0.4793,0.2043,0.1391,0.0652,0.190721649,1.2249,0.2313,0.8663,4.004103460461426,3.8413360487893287,3240
2019,"Liam Hendriks","OAK",74.1,287,13.0762,2.0583,6.3529,0.4843,0.3763,0.0592,0.3171,0.193916349,0.9148,0.3013,0.9006,1.783575382461426,3.2243490870757463,3548
2019,"Zach Duke","CIN",23.1,106,6.9429,6.9429,1,1.5429,0.1698,0.1698,0,0.25,1.6714,0.2656,0.791,6.480185420461425,5.700536211943978,3840
2019,"Matt Magill","2 Tms",45,205,11.4,3.8,3,1.2,0.278,0.0927,0.1854,0.248618784,1.4222,0.3223,0.625,3.823037910461426,4.078422878185908,3950
2019,"Yusmeiro Petit","OAK",74.1,277,7.2646,0.9686,7.5,1.2108,0.2166,0.0289,0.1877,0.2,0.8206,0.2161,0.8085,3.680437218461426,4.660472636323149,4020
2019,"Pedro Strop","CHC",35,152,9.5143,4.3714,2.1765,1.2857,0.2434,0.1118,0.1316,0.232558139,1.3429,0.2841,0.6667,4.851609338461426,4.58544112273625,4070
2019,"Derek Holland","2 Tms",45.2,201,7.489,3.9416,1.9,1.7737,0.1891,0.0995,0.0896,0.251428571,1.4015,0.2652,0.7116,5.566101893461426,5.225035719673579,4141
2019,"David Hernandez","CIN",42.2,198,11.1797,4.2187,2.65,1.4766,0.2677,0.101,0.1667,0.306358381,1.7109,0.3932,0.5452,4.348037031461426,4.545753636141892,4259
2019,"Mark Melancon","2 Tms",61,259,9.4426,2.6557,3.5556,0.5902,0.2471,0.0695,0.1776,0.277310924,1.377,0.3626,0.7214,2.960742829461426,3.021138114225669,4264
2019,"Matt Albers","MIL",56.1,242,8.6272,4.4734,1.9286,0.9586,0.2231,0.1157,0.1074,0.23076923,1.3491,0.2781,0.6657,4.341381767461426,4.510084919007772,4300
2019,"Justin Wilson","NYM",32.2,136,9.9184,3.5816,2.7692,1.102,0.2647,0.0956,0.1691,0.231404958,1.2551,0.2963,0.8824,3.988343251461426,3.6749686020284997,4301
2019,"Tyler Chatwood","CHC",46.2,201,8.6786,4.6286,1.875,1.1571,0.2239,0.1194,0.1045,0.236994219,1.3929,0.2823,0.785,4.637322614461426,3.9886639184154395,4338
2019,"Mike Montgomery","CHC",27,123,6,4.3333,1.3846,2,0.1463,0.1057,0.0407,0.327102803,1.7778,0.3372,0.7576,6.223037910461426,4.880929922395282,4869
2019,"Jake Diekman","2 Tms",56,256,12.0536,5.4643,2.2059,0.4821,0.293,0.1328,0.1602,0.211538461,1.3929,0.3083,0.6604,3.651609338461426,4.12710405215621,5003
2019,"Jeurys Familia","NYM",51,237,10.0588,7.2353,1.3902,1.0588,0.2405,0.173,0.0675,0.268421052,1.8039,0.3462,0.6813,5.105390851461426,5.213747099567862,5114
2019,"Wade LeBlanc","SEA",82.2,343,6.5323,2.1774,3,1.7419,0.1749,0.0583,0.1166,0.259375,1.246,0.2724,0.7721,5.049650076461426,4.939228711664105,5221
2019,"Blake Parker","2 Tms",53,223,9.1698,3.566,2.5714,1.6981,0.2422,0.0942,0.148,0.234693877,1.2642,0.2667,0.75,4.996622815461427,4.494987941687962,5224
2019,"Wilmer Font","3 Tms",43.1,183,9.5538,2.7,3.5385,1.6615,0.2514,0.071,0.1803,0.253012048,1.2692,0.2982,0.786,4.5384205014614265,4.433095626977804,5257
2019,"Jose Alvarez","PHI",51.2,221,7.3161,2.4387,3,1.0452,0.19,0.0633,0.1267,0.290640394,1.4129,0.3354,0.7927,3.977876132461426,4.161816761182371,5358
2019,"Pedro Baez","LAD",63.1,252,9.379,2.9842,3.1429,0.7105,0.2619,0.0833,0.1786,0.17699115,0.9632,0.2229,0.614,3.301985319461426,4.662132208096224,5420
2019,"Jesse Chavez","TEX",48,208,8.25,3.1875,2.5882,1.3125,0.2115,0.0817,0.1298,0.276595744,1.4375,0.3261,0.768,4.473037910461427,4.524491246913871,5448
2019,"Ryan Brasier","BOS",48.2,212,9.2466,3.3288,2.7778,1.6644,0.2358,0.0849,0.1509,0.252631578,1.3562,0.2955,0.6383,4.8668724004614266,5.24151963352733,5615
2019,"Tyler Clippard","CLE",53.1,205,9.6188,2.1938,4.3846,0.8438,0.278,0.0634,0.2146,0.169398907,0.825,0.2097,0.8605,3.373038003461426,4.578039186751436,5640
2019,"Junior Guerra","MIL",75.1,311,8.3628,4.0619,2.0588,1.1947,0.2251,0.1093,0.1158,0.185873605,1.115,0.2073,0.7432,4.603569494461426,4.884223480194784,5702
2019,"Kelvin Herrera","CHW",43.2,209,8.2443,4.5343,1.8182,1.2366,0.1914,0.1053,0.0861,0.31693989,1.8321,0.3714,0.6474,4.757387883461426,5.202743195079521,6033
2019,"Trevor Cahill","LAA",41.1,185,6.5323,3.7016,1.7647,1.7419,0.1622,0.0919,0.0703,0.296969696,1.5968,0.3203,0.7042,5.666588267461426,5.075024856635881,6249
2019,"David Phelps","2 Tms",27,115,9.6667,3.3333,2.9,1.6667,0.2522,0.087,0.1652,0.25,1.3333,0.3,0.9,4.704519391461426,4.875080152573409,6316
2019,"Trevor May","MIN",55.1,232,11.0602,3.9036,2.8333,0.9759,0.2931,0.1034,0.1897,0.188118811,1.1205,0.2443,0.7597,3.638700811461426,4.277682096878927,6398
2019,"Jose Cisnero","DET",29,129,10.8621,4.6552,2.3333,0.931,0.2713,0.1163,0.155,0.231481481,1.3793,0.3014,0.7474,4.016141358461426,4.7286085667281315,6399
2019,"Steve Cishek","CHC",59.1,242,8.4944,3.1854,2.6667,1.0618,0.2314,0.0868,0.1446,0.206572769,1.0955,0.245,0.8199,4.284836259461426,4.594603398276529,6483
2019,"Blaine Hardy","DET",44.1,182,5.8872,2.6391,2.2308,2.0301,0.1593,0.0714,0.0879,0.231707317,1.1504,0.2154,0.7297,5.726799191461426,4.992524881921547,6499
2019,"Brad Brach","2 Tms",49,219,10.2857,5.5102,1.8667,0.551,0.2557,0.137,0.1187,0.277173913,1.6531,0.3721,0.6427,3.6312011754614257,4.5804845828182845,6627
2019,"Alex Colome","CHW",54,215,7.6667,3.5,2.1905,0.8333,0.214,0.0977,0.1163,0.17368421,1,0.1972,0.7083,3.945260132461426,4.73027473003776,6661
2019,"Andrew Miller","STL",46,198,11.9348,4.8913,2.44,1.9565,0.3081,0.1263,0.1818,0.221556886,1.3478,0.2813,0.7778,5.418690083461426,4.2786903830974,6785
2019,"Joakim Soria","OAK",63,255,10.1429,2.7143,3.7368,1.1429,0.2784,0.0745,0.2039,0.211206896,1.0794,0.2645,0.6463,3.619863306461426,3.92622100039134,6941
2019,"Luis Garcia","LAA",54.1,244,8.2822,5.135,1.6129,1.8221,0.2049,0.127,0.0779,0.254807692,1.546,0.2819,0.7961,5.8917512034614274,5.163162137316897,6984
2019,"Ian Kennedy","KCR",57.1,242,10.3605,2.3547,4.4,0.7849,0.2727,0.062,0.2107,0.264573991,1.2907,0.3484,0.7794,2.8916423694614255,3.769764881721641,6986
2019,"Ryan Pressly","HOU",50.1,197,11.6225,1.9669,5.9091,1.0728,0.3299,0.0558,0.2741,0.195652173,0.9338,0.2609,0.829,2.845554217461426,2.323169946856878,7005
2019,"Daniel Hudson","2 Tms",62,263,9,3.7742,2.3846,1.1613,0.2357,0.0989,0.1369,0.211453744,1.1935,0.2454,0.8084,4.352070168461426,5.208662842454449,7146
2019,"Greg Holland","ARI",35.2,152,10.3458,6.0561,1.7083,1.2617,0.2697,0.1579,0.1118,0.198412698,1.3738,0.2439,0.7381,4.765092543461426,4.782691703352496,7196
2019,"Craig Stammen","SDP",74.2,312,7.9554,1.6875,4.7143,1.4464,0.2115,0.0449,0.1667,0.259385665,1.2054,0.2936,0.758,4.187323193461426,3.8825571629645315,7274
2019,"Dan Otero","CLE",26.2,119,4.3875,1.0125,4.3333,1.6875,0.1092,0.0252,0.084,0.339130434,1.575,0.3505,0.75,5.135535519461426,4.711613329563191,7385
2019,"Javy Guerra","2 Tms",60,256,7.35,2.4,3.0625,1.35,0.1914,0.0625,0.1289,0.25210084,1.2667,0.2818,0.6832,4.389704576461426,5.290200808644295,7407
2019,"Jay Jackson","MIL",24.1,107,13.685,4.8082,2.8462,1.4795,0.3458,0.1215,0.2243,0.224719101,1.3562,0.3137,0.7483,4.168244684461426,3.5023641596360418,7432
2019,"Wade Davis","COL",42.1,197,8.9291,5.5276,1.6154,1.4882,0.2132,0.132,0.0812,0.276470588,1.7244,0.3306,0.6231,5.301779704461426,5.501053445581314,7441
2019,"Anthony Swarzak","2 Tms",46.1,201,8.741,4.4676,1.9565,2.1367,0.2239,0.1144,0.1095,0.241573033,1.4245,0.2623,0.8498,5.856127646461426,4.658365454879575,7466
2019,"Collin McHugh","HOU",33.2,142,10.6931,4.2772,2.5,0.802,0.2817,0.1127,0.169,0.208,1.2475,0.2771,0.8201,3.430958496461426,4.221879612645124,7531
2019,"Jake McGee","COL",39,169,7.3846,2.3077,3.2,2.3077,0.1893,0.0592,0.1302,0.292207792,1.4103,0.3043,0.7674,5.838422525461426,5.3606847017239305,7550
2019,"Nick Vincent","2 Tms",32.2,147,9.0918,2.7551,3.3,1.9286,0.2245,0.068,0.1565,0.272727272,1.4082,0.3118,0.796,5.274056225461425,4.375595938446875,7555
2019,"Tommy Milone","SEA",66.2,272,6.885,1.62,4.25,2.295,0.1875,0.0441,0.1434,0.250980392,1.14,0.2474,0.7196,5.6380367024614255,4.977975964904582,7608
2019,"Neil Ramirez","2 Tms",24,109,9,5.625,1.6,2.625,0.2202,0.1376,0.0826,0.282608695,1.7083,0.3016,0.8013,6.889704576461425,6.495431674768527,7677
2019,"Juan Nicasio","PHI",45.2,210,8.4744,3.9416,2.15,0.7883,0.2048,0.0952,0.1095,0.297297297,1.6423,0.3617,0.7003,3.923767325461426,4.352829615097,7731
2019,"Wily Peralta","KCR",40.1,176,5.3554,4.2397,1.2632,1.562,0.1364,0.108,0.0284,0.296052631,1.5868,0.3065,0.6762,5.851139255461426,5.764451711130945,7738
2019,"Shawn Kelley","TEX",42,176,8.3571,1.5,5.5714,1.9286,0.2216,0.0398,0.1818,0.28313253,1.2857,0.3167,0.8255,4.723037910461426,4.541597590418089,7773
2019,"Richard Bleier","BAL",43,193,4.814,1.4651,3.2857,1.0465,0.1192,0.0363,0.0829,0.316666666,1.4884,0.3355,0.6,4.362572793461426,4.3309212972951485,7803
2019,"Jerry Blevins","ATL",27.2,123,10.4096,5.2048,2,1.6265,0.2602,0.1301,0.1301,0.203883495,1.3373,0.2353,0.8125,5.210987322461426,5.089912793725143,7841
2019,"Cory Gearrin","2 Tms",47.1,205,7.9859,3.993,2,0.5704,0.2049,0.1024,0.1024,0.255555555,1.4155,0.3185,0.7934,3.8568411734614254,4.755520334956874,7947
2019,"Anthony Bass","SEA",40.2,163,8.1885,3.541,2.3125,1.1066,0.227,0.0982,0.1288,0.195804195,1.082,0.2212,0.7105,4.255823948461426,4.026744934380722,7982
2019,"Marcus Walden","BOS",72,295,8.75,3.5,2.5,0.75,0.2373,0.0949,0.1424,0.199233716,1.1111,0.246,0.6878,3.695260132461426,4.075844437628985,8004
2019,"Will Smith","SFG",60,237,13.05,2.85,4.5789,1.5,0.3671,0.0802,0.2869,0.202764976,1.05,0.281,0.8776,3.439704576461426,2.7645766362547874,8048
2019,"Bryan Shaw","COL",68,291,7.2794,3.4412,2.1154,1.4559,0.189,0.0893,0.0997,0.25,1.3382,0.2755,0.6616,4.987743792461426,4.727291630559108,8110
2019,"Tony Sipp","WSN",21,92,7.7143,3.8571,2,0.4286,0.1957,0.0978,0.0978,0.240506329,1.3333,0.2857,0.6159,3.556371243461426,5.399546283199674,8280
2019,"Oliver Drake","TBR",44,178,10.8409,3.2727,3.3125,1.6364,0.2978,0.0899,0.2079,0.211180124,1.1364,0.26,0.804,4.336674273461426,3.4193784930489284,8823
2019,"Adam Warren","SDP",28.2,124,7.8488,3.7674,2.0833,2.8256,0.2016,0.0968,0.1048,0.256880733,1.3953,0.2468,0.8099,6.920708028461426,4.989905646642859,9029
2019,"Kirby Yates","SDP",57.2,231,14.9827,1.8728,8,0.3121,0.4156,0.0519,0.3636,0.189573459,0.9017,0.3304,0.7971,1.280842501461426,2.174946269033267,9073
2019,"Brad Hand","CLE",56.1,239,12.9408,2.8757,4.5,0.9586,0.3389,0.0753,0.2636,0.24537037,1.2604,0.3615,0.8108,2.903511094461426,3.5311495098226473,9111
2019,"Jared Hughes","2 Tms",59,242,6.2542,3.5085,1.7826,1.678,0.1694,0.095,0.0744,0.234741784,1.2373,0.2364,0.6879,5.528122655461425,4.351556167057005,9325
2019,"Josh Tomlin","ATL",72.1,290,5.7235,0.871,6.5714,1.7419,0.1586,0.0241,0.1345,0.263537906,1.106,0.2646,0.7616,4.757600829461426,5.0183458586241585,9388
2019,"Ryan Buchter","OAK",40.1,177,10.4876,4.686,2.2381,1.3388,0.2655,0.1186,0.1469,0.256756756,1.4628,0.3168,0.8935,4.537088582461426,4.822022460389196,9456
2019,"Jeremy Jeffress","MIL",52,225,7.9615,2.9423,2.7059,0.8654,0.2044,0.0756,0.1289,0.268656716,1.3654,0.3224,0.6377,3.973037910461426,4.405799549818039,9490
2019,"David Hale","NYY",37.1,153,5.3036,1.4464,3.6667,0.4821,0.1438,0.0392,0.1046,0.255172413,1.1518,0.2869,0.7767,3.303395124461426,4.577929579270215,9756
2019,"Joe Kelly","LAD",48.1,212,10.8,3.9103,2.7619,1.1172,0.2736,0.0991,0.1745,0.243386243,1.3862,0.32,0.6601,3.8644176624614257,3.2381256289782163,9761
2019,"Sergio Romo","2 Tms",54.2,227,8.3963,2.4695,3.4,0.9878,0.2247,0.0661,0.1586,0.228155339,1.1341,0.268,0.6835,3.716940047461426,4.836639629131971,9817
2019,"Chaz Roe","TBR",47.2,213,11.5175,5.4755,2.1034,0.5664,0.2864,0.1362,0.1502,0.248618784,1.5524,0.3529,0.7203,3.369890954461426,4.304005727499909,9866
2019,"Brandon Kintzler","CHC",54,211,7.6667,2.1667,3.5385,0.8333,0.218,0.0616,0.1564,0.206185567,0.9815,0.2431,0.8163,3.611926798461426,3.844519646410589,9939
2019,"Brad Boxberger","KCR",26.2,122,9.1125,5.7375,1.5882,1.0125,0.2213,0.1393,0.082,0.242718446,1.575,0.2973,0.6959,4.685536081461426,5.460343202519853,10133
2019,"Ryan Weber","BOS",24,100,6.375,1.875,3.4,0.375,0.17,0.05,0.12,0.236559139,1.125,0.2763,0.7519,3.0980379104614264,4.1307732321321975,10160
2019,"Aroldis Chapman","NYY",53.2,223,13.2484,4.1925,3.16,0.5031,0.3543,0.1121,0.2422,0.186528497,1.1366,0.287,0.7612,2.459063230461426,3.029344997295972,10233
2019,"Juan Minaya","CHW",27.2,126,8.7831,3.9036,2.25,1.3012,0.2143,0.0952,0.119,0.276785714,1.5542,0.3333,0.8122,4.668819300461426,5.664555404138396,10341
2019,"Robbie Erlin","SDP",48.2,222,8.5068,2.2192,3.8333,0.9247,0.2072,0.0541,0.1532,0.321951219,1.6027,0.3861,0.6389,3.4696130834614265,4.01374370823813,10354
2019,"Mychal Givens","BAL",54.2,221,12.5122,3.4573,3.619,1.6463,0.3439,0.095,0.2489,0.198979591,1.0976,0.2589,0.75,4.082793483461426,3.4509367675494733,10430
2019,"Chad Bettis","COL",50.1,223,5.9007,2.3245,2.5385,1.4305,0.148,0.0583,0.0897,0.284313725,1.4106,0.3049,0.6636,5.050853690461426,4.328000673402972,10587
2019,"Shane Greene","2 Tms",56.1,226,9.7456,2.5562,3.8125,1.1183,0.2699,0.0708,0.1991,0.193236714,0.9941,0.2357,0.7884,3.6313221754614258,3.7810722356809814,10756
2019,"Adam Kolarek","2 Tms",52.1,218,7.2229,2.7516,2.625,1.0318,0.1927,0.0734,0.1193,0.231155778,1.1847,0.2649,0.7951,4.197560823461426,3.809143329586088,10843
2019,"Josh A. Smith","BOS",21.2,95,8.7231,1.6615,5.25,2.4923,0.2211,0.0421,0.1789,0.235955056,1.1538,0.2419,0.8602,5.715341767461426,4.4100187394037835,10946
2019,"Casey Sadler","2 Tms",41.2,169,6.048,2.16,2.8,0.864,0.1657,0.0592,0.1065,0.228758169,1.08,0.252,0.8986,4.135039369461427,4.700751365367682,11209
2019,"Tommy Kahnle","NYY",55.1,222,13.1747,2.6024,5.0625,1.3012,0.3649,0.0721,0.2928,0.196078431,1.012,0.2759,0.786,3.096531810461426,2.4749375899857546,11384
2019,"Brandon Workman","BOS",63,252,12.8571,5.5714,2.3077,0.1429,0.3571,0.1548,0.2024,0.125,1.0317,0.2083,0.7774,2.5246252124614257,3.3915525491275487,11428
2019,"Jesse Biddle","3 Tms",28,152,8.3571,7.0714,1.1818,1.6071,0.1711,0.1447,0.0263,0.338709677,2.2857,0.3895,0.5738,6.473037910461425,6.1403276400906694,11437
2019,"Matt Grace","WSN",44.2,200,6.4478,2.0149,3.2,2.2164,0.16,0.05,0.11,0.329729729,1.5896,0.3448,0.6771,5.797662854461426,4.466160161364856,11449
2019,"A.J. Cole","CLE",26,118,10.3846,2.7692,3.75,1.3846,0.2542,0.0678,0.1864,0.289719626,1.5,0.3553,0.6886,3.838422525461426,4.821499977432765,11467
2019,"Josh Osich","CHW",59.1,237,7.8876,2.1236,3.7143,2.1236,0.2194,0.0591,0.1603,0.243243243,1.1461,0.2548,0.6612,5.245510956461426,4.32322905553005,11528
2019,"Heath Hembree","BOS",37.2,167,10.7522,4.3009,2.5,1.6726,0.2695,0.1078,0.1617,0.232876712,1.3805,0.2872,0.7743,4.922151450461426,5.7268892264653966,11632
2019,"Carlos Martinez","STL",41,169,9.878,3.2927,3,0.439,0.2663,0.0888,0.1775,0.22147651,1.1707,0.2981,0.7469,2.979135471461426,3.654632889206817,11682
2019,"Tayron Guerrero","MIA",42,197,8.7857,7.2857,1.2059,1.5,0.2081,0.1726,0.0355,0.227272727,1.6429,0.2569,0.7055,6.294466481461426,6.4479711664574495,11691
2019,"Nick Kingham","2 Tms",40,180,6.75,4.05,1.6667,1.575,0.1667,0.1,0.0667,0.325,1.75,0.36,0.6977,5.348037910461426,5.260628041625023,11694
2019,"Sam Dyson","2 Tms",62.1,249,7.9412,1.877,4.2308,0.8663,0.2209,0.0522,0.1687,0.230434782,1.0588,0.2733,0.7096,3.479722539461426,3.759805231472429,11710
2019,"Luke Jackson","ATL",65.2,286,12.4721,3.4264,3.64,1.3706,0.3182,0.0874,0.2308,0.27027027,1.4467,0.3774,0.7805,3.618976795461426,2.7295436255054493,11752
2019,"Kyle Ryan","CHC",54,226,8.8333,3.5,2.5238,0.5,0.2345,0.0929,0.1416,0.233830845,1.2593,0.2973,0.7562,3.204519392461426,3.8081093704258957,11753
2019,"Hansel Robles","LAA",64.1,252,9.0933,2.0984,4.3333,0.6995,0.2579,0.0595,0.1984,0.227467811,1.057,0.2874,0.8197,2.9121569204614257,4.096597938862035,11801
2019,"Hector Neris","PHI",61,248,11.8033,3.0984,3.8095,1.3279,0.3226,0.0847,0.2379,0.19090909,1.0328,0.25,0.8333,3.845988729461426,3.5254509719668845,11804
2019,"Chris Martin","2 Tms",51.1,202,10.1688,0.8766,11.6,1.5779,0.2871,0.0248,0.2624,0.256410256,1.0714,0.3154,0.7547,3.534726424461426,2.8438970865395357,11847
2019,"Michael Feliz","PIT",50.1,206,11.8013,3.5762,3.3,1.2517,0.3204,0.0971,0.2233,0.192307692,1.0927,0.2523,0.8475,3.719726980461426,3.8083060818464762,11903
2019,"Taylor Cole","LAA",38,171,8.7632,4.5,1.9474,0.4737,0.2164,0.1111,0.1053,0.277027027,1.5789,0.3514,0.625,3.617774752461426,4.29426622171151,11964
2019,"Matt Andriese","ARI",60.2,267,10.0879,3.5604,2.8333,1.0385,0.2547,0.0899,0.1648,0.262711864,1.4176,0.3313,0.7033,3.766993655461426,3.938828176850542,12022
2019,"Brian Flynn","KCR",27.1,123,6.2561,5.5976,1.1176,0.6585,0.1545,0.1382,0.0163,0.3,1.7195,0.3333,0.8186,4.759625149461426,5.772872512524149,12027
2019,"Felipe Vazquez","PIT",58,228,13.5,1.8621,7.25,0.7759,0.3816,0.0526,0.3289,0.199052132,0.931,0.3083,0.902,2.171313773461426,2.6621717061462076,12076
2019,"Yimi Garcia","LAD",59.1,232,9.7079,1.9719,4.9231,2.2753,0.2759,0.056,0.2198,0.16981132,0.8258,0.1556,0.8485,5.262364898461426,4.85837209701387,12095
2019,"Cody Allen","LAA",23,116,11.3478,7.8261,1.45,3.5217,0.25,0.1724,0.0776,0.255319148,1.913,0.2586,0.8917,8.396950953461426,7.028032995047777,12183
2019,"Dan Winkler","ATL",21.2,93,9.1384,4.5692,2,2.0769,0.2366,0.1183,0.1183,0.222222222,1.3385,0.2407,0.6957,5.853803093461426,5.056692284472585,12237
2019,"Evan Marshall","CHW",41,171,7.0244,3.7317,1.8824,1.0976,0.1871,0.0994,0.0877,0.241830065,1.3171,0.2735,0.8085,4.491330592461426,4.652156418707313,12297
2019,"Jacob Barnes","2 Tms",26.1,124,7.8607,4.443,1.7692,1.7089,0.1855,0.1048,0.0806,0.266055045,1.5949,0.2892,0.5714,5.425563979461426,4.996276236259121,12323
2019,"Seth Lugo","NYM",71,280,11.5352,2.0282,5.6875,0.8873,0.325,0.0571,0.2679,0.18992248,0.9155,0.2593,0.7264,2.7864181924614257,3.4094160016153903,12447
2019,"Drew Gagnon","NYM",22.2,111,6.3529,2.7794,2.2857,3.9706,0.1441,0.0631,0.0811,0.31372549,1.7206,0.2895,0.6667,8.737735682461427,6.336472836595226,12545
2019,"Blake Treinen","OAK",57.1,257,8.9477,5.3372,1.6765,1.4128,0.2218,0.1323,0.0895,0.254545454,1.5698,0.3013,0.7653,5.106759935461426,4.90447034076047,12572
2019,"Nick Ramirez","DET",71.1,312,8.2009,3.785,2.1667,1.3879,0.2083,0.0962,0.1122,0.249097472,1.3879,0.2829,0.6856,4.709019912461426,4.767409953788713,12575
2019,"Adam Morgan","PHI",29.2,120,8.7977,3.0337,2.9,1.2135,0.2417,0.0833,0.1583,0.186915887,1.0112,0.2162,0.6934,4.335396210461425,4.727721128812307,12580
2019,"Mike Wright","2 Tms",29.1,147,9.2046,3.6818,2.5,1.8409,0.2041,0.0816,0.1224,0.335877862,1.9091,0.3918,0.5645,5.268494779461426,5.050103356152206,12586
2019,"Roenis Elias","2 Tms",50,216,8.46,3.24,2.6111,1.8,0.2176,0.0833,0.1343,0.235897435,1.28,0.2571,0.6471,5.083037910461426,4.789951139688492,12673
2019,"Ryne Harper","MIN",50.2,208,8.3487,1.5987,5.2222,1.0658,0.226,0.0433,0.1827,0.24742268,1.125,0.2897,0.7258,3.499353517461426,4.197187463526762,12680
2019,"Adrian Houser","MIL",30.2,115,9.6848,3.2283,3,0.587,0.287,0.0957,0.1913,0.18,0.9457,0.2319,0.8779,2.9947772894614264,3.3142420315126215,12718
2019,"Rafael Montero","TEX",22,86,9,2.0455,4.4,1.2273,0.2558,0.0581,0.1977,0.202531645,0.9545,0.2407,0.9574,3.950310637461426,3.9855090932412582,12760
2019,"Chris Devenski","HOU",59,257,10.3729,3.0508,3.4,1.8305,0.2646,0.0778,0.1868,0.256521739,1.339,0.3052,0.7362,4.731512486461426,4.6828906084521345,12763
2019,"Jairo Diaz","COL",46.1,198,10.6835,2.7194,3.9286,1.3597,0.2778,0.0707,0.2071,0.243093922,1.2518,0.3083,0.6574,3.848937640461426,3.8593198469662617,12774
2019,"John Brebbia","STL",66.1,271,10.7186,2.9849,3.5909,0.6784,0.2915,0.0812,0.2103,0.204081632,1.0854,0.2778,0.7206,2.951680990461426,4.460178516880807,12777
2019,"Sam Gaviglio","TOR",88.2,361,8.2218,1.8271,4.5,1.7256,0.2244,0.0499,0.1745,0.235119047,1.094,0.2573,0.7124,4.632811816461426,4.248671212472606,12778
2019,"Noe Ramirez","LAA",51.1,219,10.6948,2.9805,3.5882,1.4026,0.2785,0.0776,0.2009,0.25,1.2857,0.3203,0.786,4.158103452461426,4.2628991030631065,12800
2019,"Matt Wisler","2 Tms",38.2,177,11.6379,3.2586,3.5714,1.8621,0.2825,0.0791,0.2034,0.298136645,1.6034,0.381,0.6299,4.4126920564614265,3.6774675731995705,12804
2019,"Andrew Kittredge","TBR",29.1,123,8.2841,2.4545,3.375,1.2273,0.2195,0.065,0.1545,0.267857142,1.2955,0.3133,0.7485,4.075311605461426,4.065311907164941,12828
2019,"Shawn Armstrong","2 Tms",49.2,229,9.9664,4.5302,2.2,1.2685,0.2402,0.1092,0.131,0.261306532,1.5503,0.3237,0.698,4.531761863461426,5.262190325816185,12857
2019,"Matt Barnes","BOS",55.1,242,15.6145,4.5542,3.4286,1.3012,0.3967,0.1157,0.281,0.214285714,1.3193,0.3426,0.7524,3.259182510461426,2.6375882903777432,12863
2019,"Alex Claudio","MIL",58,248,6.6724,3.4138,1.9545,1.0862,0.1734,0.0887,0.0847,0.241860465,1.2759,0.2647,0.7835,4.757520668461426,4.560085014639229,12890
2019,"Ken Giles","TOR",45,180,14.6,3,4.8667,0.8,0.4056,0.0833,0.3222,0.2,1.0667,0.3295,0.8962,2.134149022461426,2.746343066957262,12910
2019,"Archie Bradley","ARI",63.1,282,11.0842,4.6895,2.3636,0.7105,0.2766,0.117,0.1596,0.244813278,1.4526,0.3333,0.7865,3.538827549461426,4.1453544746544555,12918
2019,"Gabriel Ynoa","BAL",46.1,201,7.1871,2.1367,3.3636,1.7482,0.1841,0.0547,0.1294,0.278947368,1.3813,0.3056,0.642,4.863326859461426,4.613011643307225,12938
2019,"Andrew Chafin","ARI",50,214,11.52,3.24,3.5556,1.08,0.2991,0.0841,0.215,0.256544502,1.34,0.3468,0.7756,3.423037910461426,3.3346894532442093,12988
2019,"Colten Brewer","BOS",50,236,8.1,5.94,1.3636,1.08,0.1907,0.1398,0.0508,0.284263959,1.78,0.3333,0.7869,5.083037910461426,5.233335649371147,12997
2019,"Wei-Yin Chen","MIA",62,278,7.9839,2.4677,3.2353,2.0323,0.1978,0.0612,0.1367,0.309523809,1.5323,0.3422,0.6343,5.4488443614614255,4.983220316613874,13071
2019,"Derek Law","TOR",49.1,226,10.5811,6.0203,1.7576,1.277,0.2566,0.146,0.1106,0.240641711,1.5811,0.3016,0.7692,4.844660627461426,4.61254017449632,13133
2019,"Kyle Crick","PIT",49,226,11.2041,6.4286,1.7429,1.8367,0.2699,0.1549,0.115,0.224043715,1.551,0.2743,0.7681,5.957731787461427,5.333974952357156,13182
2019,"Adalberto Mejia","3 Tms",28,133,9,6.1071,1.4737,1.2857,0.2105,0.1429,0.0677,0.292035398,1.8571,0.3537,0.5819,5.1158950524614255,6.09977834054402,13188
2019,"Joe Biagini","2 Tms",63.2,269,8.3403,3.2513,2.5652,1.555,0.2193,0.0855,0.1338,0.270491803,1.3979,0.3143,0.8311,4.746597321461426,3.999872243806411,13194
2019,"Adrian Sampson","TEX",39.1,174,6.4068,3.4322,1.8667,1.1441,0.1609,0.0862,0.0747,0.277419354,1.4746,0.3089,0.7407,4.824734182461426,5.801345646018992,13339
2019,"Luis Cessa","NYY",73,305,8.6301,3.0822,2.8,1.4795,0.2295,0.082,0.1475,0.24,1.2466,0.2755,0.7743,4.5518050334614255,4.349051600531356,13345
2019,"Cam Bedrosian","LAA",54.1,230,9.2761,3.1472,2.9474,0.9939,0.2435,0.0826,0.1609,0.212560386,1.1595,0.2603,0.6597,3.811995326461426,4.279726012509459,13360
2019,"Dylan Floro","LAD",41,177,7.6829,3.0732,2.5,0.6585,0.1977,0.0791,0.1186,0.246835443,1.2927,0.2927,0.6693,3.6376720564614264,4.287128250337229,13394
2019,"Felix Pena","LAA",67.2,283,10.2414,3.0591,3.3478,1.4631,0.2721,0.0813,0.1908,0.214007782,1.1527,0.2588,0.6966,4.168850251461426,3.7895555589120096,13403
2019,"Matt Koch","ARI",20.2,96,3.9193,1.7419,2.25,3.4839,0.0938,0.0417,0.0521,0.333333333,1.5968,0.3,0.6343,8.690771026461425,6.9302781682658035,13420
2019,"Drew VerHagen","DET",28.2,123,7.2209,4.3953,1.6429,0.9419,0.187,0.1138,0.0732,0.264150943,1.4651,0.3086,0.7035,4.653268805461426,4.957776796534381,13424
2019,"Mike Morin","2 Tms",43.2,181,4.5343,1.4427,3.1429,1.0305,0.1215,0.0387,0.0829,0.24260355,1.0992,0.25,0.6364,4.390975949461426,5.3162134871838305,13442
2019,"Taylor Rogers","MIN",62.1,252,11.5508,1.4439,8,1.0107,0.3175,0.0397,0.2778,0.23076923,1.0267,0.3154,0.8804,2.8861393354614258,3.0533795312956924,13449
2019,"Lucas Sims","CIN",20,84,14.85,4.95,3,1.8,0.3929,0.131,0.2619,0.194444444,1.25,0.2857,0.8333,4.3230379104614265,3.8111921265721325,13470
2019,"Connor Sadzeck","SEA",23.2,107,10.2676,5.7042,1.8,1.1408,0.2523,0.1402,0.1121,0.2,1.3944,0.25,0.8117,4.744162528461426,5.028972870735979,13483
2019,"Brandon Brennan","SEA",40,170,8.775,4.725,1.8571,1.125,0.2294,0.1235,0.1059,0.212328767,1.3,0.2476,0.6444,4.473037910461426,4.240140721201897,13527
2019,"Matt Bowman","CIN",24.1,107,7.3973,3.6986,2,0.7397,0.1869,0.0935,0.0935,0.252631578,1.3973,0.2933,0.641,3.880573057461426,4.610100192325042,13528
2019,"Richard Rodriguez","PIT",58,253,8.2241,3.1034,2.65,2.0172,0.2095,0.0791,0.1304,0.256521739,1.3621,0.2788,0.8439,5.447175841461426,5.070712984224846,13549
2019,"Robert Stephenson","CIN",57.2,236,11.8613,3.5896,3.3043,1.2486,0.322,0.0975,0.2246,0.183962264,1.0751,0.2403,0.6693,3.5871995494614257,3.8529178596083153,13594
2019,"Taylor Guerrieri","TEX",22,102,9.4091,6.9545,1.3529,1.2273,0.2255,0.1667,0.0588,0.253012048,1.7273,0.3158,0.6983,5.495765182461426,5.259774779460647,13616
2019,"Clay Holmes","PIT",42.1,208,10.6299,7.0158,1.5152,0.8504,0.2404,0.1587,0.0817,0.238095238,1.7244,0.313,0.6403,4.852960453461425,4.939986800097216,13649
2019,"John Gant","STL",62.2,248,7.6117,4.0213,1.8929,0.5745,0.2137,0.1129,0.1008,0.209090909,1.1809,0.2577,0.731,3.701761059461426,4.33177735020629,13684
2019,"Nick Goody","CLE",36.2,154,10.8,4.4182,2.4444,1.4727,0.2857,0.1169,0.1688,0.2,1.2273,0.2442,0.8743,4.4230368194614265,4.89917670808366,13685
2019,"Robert Gsellman","NYM",63.2,277,8.4817,3.2513,2.6087,0.9895,0.2166,0.083,0.1336,0.261224489,1.3665,0.3149,0.6851,4.134032197461426,4.672606569849181,13696
2019,"Kyle Barraclough","2 Tms",28.1,137,10.8,4.447,2.4286,2.8588,0.2482,0.1022,0.146,0.3,1.7647,0.3462,0.736,6.646559266461425,5.114183242089087,13713
2019,"Tyler Duffey","MIN",49.1,208,12.5878,2.5541,4.9286,1.277,0.3317,0.0673,0.2644,0.210526315,1.0946,0.2845,0.7576,3.243308193461426,3.1724352799166193,13758
2019,"Chris Stratton","2 Tms",48.1,212,8.9379,2.9793,3,1.6759,0.2264,0.0755,0.1509,0.292307692,1.5103,0.3453,0.7285,4.650625101461426,4.410667763090239,13761
2019,"Dominic Leone","STL",35.2,157,10.3458,4.0374,2.5625,2.0187,0.2611,0.1019,0.1592,0.258992805,1.4579,0.3043,0.6373,5.185652898461425,4.555862375392873,13763
2019,"Roberto Osuna","HOU",57,223,9.7895,1.7368,5.6364,1.2632,0.278,0.0493,0.2287,0.191387559,0.8947,0.2286,0.7895,3.556371243461426,3.8949771151208044,13764
2019,"JT Chargois","LAD",21.1,88,11.8125,2.1094,5.6,1.6875,0.3182,0.0568,0.2614,0.272727272,1.2188,0.3469,0.5357,4.019914155461426,2.8875087712663374,13767
2019,"Daniel Stumpf","DET",28,129,8.6786,4.5,1.9286,1.2857,0.2093,0.1085,0.1008,0.297297297,1.6786,0.3452,0.7246,4.651609338461426,5.067287397384644,13780
2019,"Matt Strahm","SDP",25.1,103,9.5921,1.7763,5.4,0.7105,0.2621,0.0485,0.2136,0.231578947,1.0658,0.2985,0.7634,2.946721757461426,3.6474517303456078,13799
2019,"Austin Adams","2 Tms",26.1,104,15.3798,4.443,3.4615,0.3418,0.4327,0.125,0.3077,0.146067415,0.9873,0.2727,0.7422,1.893922304461426,2.4575454053370938,13801
2019,"Scott Oberg","COL",56,223,9.3214,3.6964,2.5217,0.8036,0.2601,0.1031,0.157,0.195979899,1.1071,0.2482,0.8,3.544466481461426,3.9108037487736773,13911
2019,"Branden Kline","BAL",34.1,155,8.1262,3.4078,2.3846,2.3592,0.2,0.0839,0.1161,0.287769784,1.5437,0.3069,0.628,6.048283371461427,4.783697012241307,14101
2019,"Josh Hader","MIL",66,251,16.5,2.4545,6.7222,1.7727,0.4821,0.0717,0.4104,0.147826086,0.7879,0.2188,0.9239,3.071522759461426,2.3791066175157374,14212
2019,"Luke Bard","LAA",35.1,151,6.3679,3.0566,2.0833,1.5283,0.1656,0.0795,0.0861,0.266666666,1.3585,0.2857,0.6808,5.289077594461427,5.895755008861258,14288
2019,"Wandy Peralta","2 Tms",34.1,153,7.0777,3.932,1.8,2.6214,0.1765,0.098,0.0784,0.278195488,1.5146,0.2727,0.775,6.9220706274614265,5.047147563040931,14295
2019,"Amir Garrett","CIN",52.2,228,12.6456,5.6392,2.2424,1.0253,0.3246,0.1447,0.1798,0.203125,1.3671,0.2946,0.8559,3.944556440461426,3.709639575933307,14375
2019,"Wei-Chung Wang","2 Tms",29.2,120,4.8539,3.6404,1.3333,1.2135,0.1333,0.1,0.0333,0.226415094,1.2135,0.2299,0.8599,5.211799720461426,6.408549114826721,14382
2019,"Adam Conley","MIA",55.2,257,8.0838,3.8802,2.0833,1.6168,0.1946,0.0934,0.1012,0.31441048,1.7245,0.3626,0.6667,5.163156508461426,5.29288510407968,14457
2019,"J.B. Wendelken","OAK",27.2,113,9.759,2.2771,4.2857,0.6506,0.2655,0.0619,0.2035,0.194174757,0.9759,0.25,0.5725,2.970026167461426,4.761757578517139,14506
2019,"Jose Leclerc","TEX",57,247,13.4211,5.2105,2.5758,0.9474,0.3441,0.1336,0.2105,0.200980392,1.2982,0.2966,0.7224,3.609002822461426,4.194410276412964,14524
2019,"Jorge Lopez","KCR",37.1,162,9.1607,2.6518,3.4545,1.4464,0.2346,0.0679,0.1667,0.283783783,1.4196,0.3364,0.583,4.160538747461426,3.988945527470406,14527
2019,"Carlos Estevez","COL",65.1,284,10.0561,2.8929,3.4762,1.5153,0.257,0.0739,0.1831,0.262548262,1.3622,0.3202,0.7641,4.187324116461426,4.372834836110515,14542
2019,"Jose Ruiz","CHW",36.1,172,7.9266,5.4495,1.4545,1.4862,0.186,0.1279,0.0581,0.305555555,1.8165,0.3423,0.7509,5.507443675461426,6.0426881143194,14552
2019,"Rowan Wick","CHC",26,106,9.6923,3.8077,2.5455,0,0.2642,0.1038,0.1604,0.193548387,1.1154,0.2727,0.6,2.453807141461426,3.8306121188860676,14646
2019,"Jandel Gustave","SFG",20,79,4.5,2.25,2,0,0.1266,0.0633,0.0633,0.2,0.95,0.2188,0.6316,2.973037910461426,4.8623202964663506,14665
2019,"Luis Perdomo","SDP",59.2,243,7.5419,2.1117,3.5714,0.7542,0.2058,0.0576,0.1481,0.256637168,1.2067,0.3081,0.7463,3.440914883461426,3.8514005239058045,14682
2019,"Keone Kela","PIT",23.2,96,10.6479,3.0422,3.5,1.1408,0.2917,0.0833,0.2083,0.183908045,1.0141,0.2321,0.8654,3.645572526461426,4.350534030732475,14696
2019,"Edwin Diaz","NYM",53,234,15.4528,3.3962,4.55,2.3774,0.3889,0.0855,0.3034,0.265700483,1.4151,0.3905,0.7576,4.581528476461426,3.061238539781211,14710
2019,"Ty Buttrey","LAA",64.1,279,10.772,3.0777,3.5,0.9793,0.276,0.0789,0.1971,0.244,1.2902,0.3214,0.7289,3.502830801461426,4.004911911415591,14719
2019,"Tyler Olson","CLE",30.2,140,8.2174,4.6956,1.75,0.8804,0.2,0.1143,0.0857,0.280991735,1.6304,0.3407,0.7741,4.429558337461426,5.297852087888666,14741
2019,"Wes Parsons","2 Tms",27,118,6.3333,6,1.0556,2,0.161,0.1525,0.0085,0.263157894,1.5926,0.2568,0.7865,6.815630502461426,5.69449121510541,14764
2019,"Julio Urias","LAD",42.1,172,7.8661,3.189,2.4667,0.8504,0.2151,0.0872,0.1279,0.194805194,1.063,0.2281,0.8213,3.9080778194614254,4.558835782167922,14765
2019,"Emilio Pagan","TBR",61.2,235,12.4054,1.8973,6.5385,1.4595,0.3617,0.0553,0.3064,0.172727272,0.827,0.2222,0.9474,3.255470324461426,3.2113293427530873,14771
2019,"Buck Farmer","DET",56,244,10.125,3.375,3,1.2857,0.2582,0.0861,0.1721,0.264150943,1.375,0.3243,0.7163,4.169466481461426,4.016939311368125,14814
2019,"Michael Lorenzen","CIN",74.2,314,9.1607,3.2545,2.8148,1.0848,0.242,0.086,0.1561,0.232142857,1.2321,0.2786,0.8085,3.8792876174614257,4.043573565161018,14843
2019,"Zack Godley","2 Tms",53,218,6.7925,3.3962,2,1.5283,0.1835,0.0917,0.0917,0.226804123,1.2075,0.2397,0.7537,5.223037910461427,5.1543009889575675,14862
2019,"Reyes Moronta","SFG",56.2,246,11.1176,5.2412,2.1212,0.6353,0.2846,0.1341,0.1504,0.197115384,1.3059,0.2721,0.8123,3.575978878461426,4.834222868568825,14966
2019,"Tyler Webb","STL",47,192,8.234,3.6383,2.2632,1.1489,0.224,0.099,0.125,0.191616766,1.0851,0.2131,0.7175,4.393250675461426,4.807020820074893,14974
2019,"Giovanny Gallegos","STL",63.1,239,11.9368,1.8474,6.4615,0.9947,0.3515,0.0544,0.2971,0.166666666,0.7895,0.2273,0.8565,2.765142933461426,3.4321558021688476,14986
2019,"Scott Barlow","KCR",60.2,269,12.0165,4.8956,2.4545,0.8901,0.3011,0.1227,0.1784,0.24347826,1.467,0.3425,0.7297,3.618642088461426,4.201448523867058,14993
2019,"Victor Alcantara","DET",39,168,5.0769,3,1.6923,1.8462,0.131,0.0774,0.0536,0.289473684,1.4615,0.2903,0.7051,5.838422525461426,5.313452491087792,15028
2019,"Tim Mayza","TOR",50.2,224,9.7697,4.6184,2.1154,1.4211,0.2455,0.1161,0.1295,0.231958762,1.4013,0.2761,0.7072,4.703300094461426,4.063705623931641,15042
2019,"Lou Trivino","OAK",59,264,8.5424,4.5763,1.8667,1.0678,0.2121,0.1136,0.0985,0.265486725,1.5254,0.3155,0.637,4.545071808461426,5.2947810371043325,15043
2019,"Trevor Gott","SFG",52.2,214,9.7405,2.9051,3.3529,0.6835,0.2664,0.0794,0.1869,0.215789473,1.1013,0.2761,0.625,3.128101262461426,4.06654307319136,15046
2019,"Yency Almonte","COL",27.2,124,6.506,3.9036,1.6667,1.9518,0.1613,0.0968,0.0645,0.261261261,1.4819,0.2674,0.6748,5.897733482461426,5.881830384491751,15068
2019,"Hunter Wood","2 Tms",36.2,159,8.1,2.2091,3.6667,1.4727,0.2075,0.0566,0.1509,0.265306122,1.3091,0.3,0.7882,4.368491414461427,4.953106748204959,15091
2019,"Jake Newberry","KCR",28,119,8.0357,3.5357,2.2727,1.9286,0.2101,0.0924,0.1176,0.240384615,1.2857,0.25,0.9441,5.508752195461426,5.706115362048149,15136
2019,"Jimmy Yacabonis","BAL",33.1,158,7.83,5.13,1.5263,1.89,0.1835,0.1203,0.0633,0.313868613,1.86,0.3564,0.7011,6.103040790461426,6.177133669048704,15157
2019,"Kevin McCarthy","KCR",49.2,227,5.255,3.443,1.5263,0.5436,0.1278,0.0837,0.0441,0.305,1.6107,0.3333,0.6812,4.108943355461426,4.765195107095818,15240
2019,"Zac Reininger","DET",23,112,4.3043,4.6957,0.9167,3.5217,0.0982,0.1071,-0.0089,0.357142857,2.0435,0.325,0.6977,8.918690083461426,6.425713955319447,15285
2019,"Adam Cimber","CLE",52.1,225,6.0191,3.0955,1.9444,0.8599,0.1556,0.08,0.0756,0.25,1.2994,0.2761,0.7077,4.388643747461425,4.552642142167417,15288
2019,"Austin Pruitt","TBR",32.1,135,7.5155,2.5052,3,1.6701,0.2,0.0667,0.1333,0.286885245,1.3608,0.3118,0.6742,4.800359123461426,3.9256558778957857,15290
2019,"Nick Pivetta","PHI",22.1,106,10.8806,5.2388,2.0769,1.6119,0.2547,0.1226,0.1321,0.266666666,1.6567,0.3333,0.6287,5.148413918461427,4.244807770577264,15454
2019,"Chad Green","NYY",43.1,189,11.0077,2.0769,5.3,1.2462,0.2804,0.0529,0.2275,0.2716763,1.3154,0.3504,0.6783,3.4768842594614258,4.109240206526213,15552
2019,"Nick Wittgren","CLE",53.1,211,9.1125,2.3625,3.8571,1.35,0.2559,0.0664,0.1896,0.213197969,1.05,0.2519,0.8259,3.935538355461426,3.9991156753310673,15594
2019,"Miguel Castro","BAL",67.2,293,8.1133,5.0542,1.6053,1.197,0.2082,0.1297,0.0785,0.232931726,1.4187,0.2649,0.7194,4.833874554461426,4.926985859239548,15684
2019,"Jimmy Cordero","2 Tms",25.1,103,9.2369,2.4868,3.7143,1.4211,0.2524,0.068,0.1845,0.225806451,1.1053,0.2698,0.748,4.407249994461426,3.5321478375481945,15690
2019,"Joe Jimenez","DET",52.2,231,12.3038,3.9304,3.1304,2.0506,0.3117,0.0996,0.2121,0.240196078,1.3671,0.3083,0.7432,4.988859577461426,4.36798404655092,15761
2019,"Zack Littell","MIN",28,112,7.3929,2.5714,2.875,0.9643,0.2054,0.0714,0.1339,0.259615384,1.25,0.3077,0.8117,3.830180767461426,4.28399061858654,15823
2019,"Paul Fry","BAL",51.2,228,8.3613,4.3548,1.92,0.871,0.2105,0.1096,0.1009,0.244897959,1.4129,0.2986,0.625,4.423037135461426,4.358203642602095,15832
2019,"Wander Suero","WSN",65,266,10.2462,2.9077,3.5238,0.6923,0.2782,0.0789,0.1992,0.242677824,1.2154,0.3252,0.6667,3.053807141461426,3.73656878058727,15855
2019,"Ryne Stanek","2 Tms",24,118,9,6.75,1.3333,2.625,0.2034,0.1525,0.0508,0.282828282,1.9167,0.3043,0.5801,7.264704576461426,6.290388836959998,15947
2019,"Stefan Crichton","ARI",22.1,91,8.4627,2.4179,3.5,1.209,0.2308,0.0659,0.1648,0.216867469,1.0746,0.2542,0.6881,4.163337820461426,4.465152641572805,16058
2019,"Justin Shafer","TOR",32,147,8.7188,6.1875,1.4091,1.125,0.2109,0.1497,0.0612,0.258064516,1.6875,0.3111,0.8678,4.973037910461426,5.647493446059525,16132
2019,"Jace Fry","CHW",48.2,223,10.911,6.6575,1.6389,1.2945,0.2646,0.1614,0.1031,0.226519337,1.5822,0.2881,0.6838,5.072351711461426,4.428411380035786,16159
2019,"Justin Anderson","LAA",41.2,191,12.096,6.048,2,1.296,0.2932,0.1466,0.1466,0.220125786,1.512,0.29,0.6655,4.495036892461426,4.627664834226165,16201
2019,"Aaron Bummer","CHW",57,223,7.8947,3.3158,2.381,0.6316,0.2242,0.0942,0.13,0.191919191,1.0351,0.2345,0.8333,3.644090541461426,3.6389445039263943,16258
2019,"Jesus Tinoco","COL",29.2,133,6.9775,5.764,1.2105,3.0337,0.1729,0.1429,0.0301,0.25,1.5843,0.225,0.8529,8.076965040461426,6.0411855486221775,16300
2019,"Brad Wieck","2 Tms",28,121,11.8929,2.8929,4.1111,2.5714,0.3058,0.0744,0.2314,0.245454545,1.2857,0.2879,0.6589,5.3658950524614255,4.2085328689643315,16390
2019,"Yonny Chirinos","TBR",25.1,102,6.3947,1.7763,3.6,1.4211,0.1765,0.049,0.1275,0.223404255,1.0263,0.2329,0.6696,4.683566147461426,4.828991829991011,16401
2019,"Ryan Yarbrough","TBR",56,223,7.3929,1.4464,5.1111,0.9643,0.2063,0.0404,0.1659,0.227488151,1.0179,0.2609,0.6452,3.508752195461426,4.175639007985592,16502
2019,"Jonathan Holder","NYY",38.2,170,10.2414,2.5603,4,1.8621,0.2588,0.0647,0.1941,0.25477707,1.319,0.3048,0.5502,4.645450476461426,4.527413899436197,16588
2019,"Jeff Brigham","MIA",29.2,127,10.618,3.6404,2.9167,2.427,0.2756,0.0945,0.1811,0.263157894,1.4157,0.3056,0.7468,5.582585820461426,4.557280584541765,16631
2019,"Josh James","HOU",54.1,234,14.7423,5.4663,2.697,1.4908,0.3803,0.141,0.2393,0.196969696,1.3252,0.3,0.7212,4.088069115461426,3.7648035505549005,16794
2019,"Tim Hill","KCR",30.1,125,7.7143,3.5604,2.1667,1.1868,0.208,0.096,0.112,0.231481481,1.2198,0.2658,0.7627,4.805457231461426,4.4024139104731725,16814
2019,"Touki Toussaint","ATL",40.1,184,9.595,5.5785,1.72,1.1157,0.2337,0.1359,0.0978,0.248366013,1.562,0.3084,0.7667,4.859402898461426,5.466651092313684,16929
2019,"Sean Newcomb","ATL",48,201,9.375,3.375,2.7778,1.5,0.2488,0.0896,0.1592,0.20670391,1.1458,0.2377,0.8547,4.6188712434614265,4.23376472182572,16943
2019,"Ariel Jurado","TEX",25.1,102,4.6184,1.7763,2.6,1.0658,0.1275,0.049,0.0784,0.239583333,1.1053,0.2469,0.6723,4.328302522461426,4.751380350113796,17030
2019,"Raisel Iglesias","CIN",60.1,255,11.9337,3.1326,3.8095,1.6409,0.3137,0.0824,0.2314,0.247826086,1.2928,0.3262,0.7895,4.084916839461426,3.8243305841209176,17130
2019,"Yoan Lopez","ARI",55.1,223,6.0181,2.6024,2.3125,1.4639,0.1659,0.0717,0.0942,0.222772277,1.1024,0.2236,0.8058,4.8676172134614255,4.55019380127023,17181
2019,"Jalen Beeks","TBR",87.2,378,7.289,3.1825,2.2903,0.8213,0.1878,0.082,0.1058,0.267267267,1.3688,0.3115,0.7791,4.124178251461426,4.843406160764637,17192
2019,"Austin Brice","MIA",44.2,199,9.2686,3.6269,2.5556,1.4104,0.2312,0.0905,0.1407,0.213872832,1.2313,0.2479,0.7854,4.879753091461426,4.801475655952897,17237
2019,"Sam Coonrod","SFG",21.2,84,6.2308,4.5692,1.3636,0.8308,0.1786,0.131,0.0476,0.173913043,1.0615,0.1887,0.8621,4.976881365461426,5.245472929034861,17264
2019,"Ranger Suarez","PHI",41,173,8.3415,2.1951,3.8,1.3171,0.2197,0.0578,0.1618,0.276729559,1.3171,0.322,0.8155,4.076696446461426,3.5324065063057883,17277
2019,"Thomas Pannone","TOR",43,182,8.1628,3.9767,2.0526,1.4651,0.2143,0.1044,0.1099,0.220125786,1.2558,0.2435,0.8009,4.990479770461425,5.371660893185194,17281
2019,"Framber Valdez","HOU",30,134,7.5,5.1,1.4706,0.6,0.1866,0.1269,0.0597,0.245614035,1.5,0.2921,0.6713,4.223037910461426,4.6821834444999695,17295
2019,"Josh Taylor","BOS",42.1,173,11.6929,2.7638,4.2308,0.6378,0.3179,0.0751,0.2428,0.229299363,1.1575,0.33,0.7692,2.6088641994614257,3.23786557414245,17359
2019,"Brett Martin","TEX",53.1,233,8.2688,2.025,4.0833,1.0125,0.2103,0.0515,0.1588,0.275229357,1.35,0.3273,0.7121,3.579288132461426,3.608326877060392,17369
2019,"Chad Sobotka","ATL",26.1,122,11.6203,5.1266,2.2667,2.0506,0.2787,0.123,0.1557,0.259615384,1.5949,0.3281,0.6284,5.6534207334614255,4.5038967175759,17470
2019,"Diego Castillo","TBR",52.2,222,10.9367,3.9304,2.7826,0.8544,0.2883,0.1036,0.1847,0.222797927,1.2532,0.3016,0.7302,3.564809845461426,3.8032909686795184,17496
2019,"Tanner Rainey","WSN",38.2,174,13.5,7.681,1.7576,1.1638,0.3333,0.1897,0.1437,0.183823529,1.5,0.2667,0.7963,4.697174570461426,4.250517349497795,17610
2019,"Jeffrey Springs","TEX",28.1,135,8.8941,6.6706,1.3333,0.9529,0.2074,0.1556,0.0519,0.288288288,1.8706,0.3494,0.7172,4.846569231461426,6.277702635089783,17677
2019,"Evan Phillips","BAL",20.1,107,13.7213,7.5246,1.8235,0.8852,0.2897,0.1589,0.1308,0.313253012,2.1148,0.4528,0.6335,4.550908939461426,4.641502016868621,17734
2019,"Jose Alvarado","TBR",29.2,141,11.8314,7.2809,1.625,0.6067,0.2766,0.1702,0.1064,0.25,1.7528,0.3421,0.7114,3.8971944554614257,4.56260452637522,17780
2019,"Trey Wingenter","SDP",45,189,12.6,4.8,2.625,1,0.3333,0.127,0.2063,0.1875,1.2,0.266,0.68,3.667482354461426,4.0791749914487205,17793
2019,"Nestor Cortes Jr.","NYY",59.2,259,9.352,3.6201,2.5833,1.9609,0.2394,0.0927,0.1467,0.258620689,1.4078,0.2956,0.7635,5.234209970461426,5.001584863494015,17874
2019,"Phil Maton","2 Tms",33.2,153,7.7525,2.9406,2.6364,1.8713,0.1895,0.0719,0.1176,0.275362318,1.4554,0.2981,0.5825,5.361656006461426,4.548951000403687,18064
2019,"Chance Adams","NYY",23.2,111,7.2253,3.8028,1.9,1.9014,0.1712,0.0901,0.0811,0.323232323,1.7746,0.36,0.6486,5.885005991461426,5.743468191522676,18135
2019,"Ryan Helsley","STL",27.2,114,8.7831,3.9036,2.25,0.6506,0.2368,0.1053,0.1316,0.18,1.0843,0.2192,0.8456,3.512194188461426,5.160163004458229,18138
2019,"Jarlin Garcia","MIA",43.1,174,7.4769,2.7,2.7692,0.8308,0.2069,0.0747,0.1322,0.210191082,1.0615,0.2437,0.8019,3.799961430461426,4.61927602864176,18282
2019,"Tyler Kinley","MIA",44,197,8.1818,6.5455,1.25,1.0227,0.203,0.1624,0.0406,0.242236024,1.6136,0.2857,0.8154,5.132128819461426,5.959961395778439,18297
2019,"Nick Anderson","2 Tms",57.2,233,14.9827,2.4971,6,0.9364,0.412,0.0687,0.3433,0.213953488,1.0751,0.3509,0.7875,2.1305529934614267,2.605733122014441,18337
2019,"Jaime Barria","LAA",22.1,107,7.6567,3.2239,2.375,2.0149,0.1776,0.0748,0.1028,0.350515463,1.8806,0.3919,0.5833,5.640951966461426,5.490963713311533,18356
2019,"A.J. Minter","ATL",28.2,144,10.6744,7.2209,1.4783,0.6279,0.2361,0.1597,0.0764,0.296610169,2.0233,0.3929,0.6584,4.269548321461426,5.374413225048618,18655
2019,"Freddy Peralta","MIL",43,189,11.9302,5.2326,2.28,1.2558,0.3016,0.1323,0.1693,0.236024844,1.4651,0.3168,0.7326,4.130014654461426,4.489776518594387,18679
2019,"Jose Quijada","MIA",26,129,13.8462,8.6538,1.6,3.4615,0.3101,0.1938,0.1163,0.257425742,1.9615,0.3077,0.8462,8.261499448461425,5.32670691540608,19200
2019,"Seranthony Dominguez","PHI",24.2,110,10.5811,4.3784,2.4167,1.0946,0.2636,0.1091,0.1545,0.25,1.4595,0.3231,0.7317,4.033847625461426,3.984617194277198,19249
2019,"Jacob Webb","ATL",32.1,131,7.7938,3.3402,2.3333,1.1134,0.2137,0.0916,0.1221,0.205128205,1.1134,0.2326,0.8599,4.3055132524614255,5.157536772078169,19274
2019,"Edgar Garcia","PHI",32,144,9.5625,5.9063,1.619,2.8125,0.2361,0.1458,0.0903,0.283333333,1.7188,0.3038,0.7805,7.129287910461426,5.676980680599809,19276
2019,"Matt Festa","SEA",22.1,101,8.4627,4.8358,1.75,2.0149,0.2079,0.1188,0.0891,0.240963855,1.4328,0.2459,0.7037,6.133490015461426,5.627312877822319,19330
2019,"Richard Lovelady","KCR",20,96,7.65,3.6,2.125,0.9,0.1771,0.0833,0.0938,0.352941176,1.9,0.4118,0.6077,4.173037910461426,4.762320296466351,19337
2019,"Hector Velazquez","BOS",28.2,124,9.7325,3.7674,2.5833,1.2558,0.25,0.0968,0.1532,0.256880733,1.3953,0.32,0.6593,4.339315681461426,4.467831082665371,19341
2019,"Caleb Ferguson","LAD",36.1,164,11.1468,4.9541,2.25,1.2385,0.2744,0.122,0.1524,0.229629629,1.4037,0.2955,0.72,4.681754844461426,4.644295699702978,19349
2019,"Corbin Burnes","MIL",28.1,133,13.6588,3.8118,3.5833,1.5882,0.3233,0.0902,0.2331,0.297520661,1.6941,0.4247,0.4634,3.7524502974614258,3.002513037724115,19361
2019,"Colin Poche","TBR",43.1,171,13.0846,2.9077,4.5,1.6615,0.3684,0.0819,0.2865,0.177631578,0.9462,0.2317,0.6805,3.961500016461426,4.085642571499931,19403
2019,"Geoff Hartlieb","PIT",29.1,144,10.125,4.9091,2.0625,2.1477,0.2292,0.1111,0.1181,0.354838709,2.0455,0.4205,0.6375,5.711677101461426,4.575522313194043,19558
2019,"Jordan Hicks","STL",28.2,110,9.7325,3.4535,2.8182,0.6279,0.2818,0.1,0.1818,0.163265306,0.9419,0.2154,0.7143,3.223037910461426,3.0791741700112163,19618
2019,"Gregory Soto","DET",27.2,129,6.8313,4.8795,1.4,0.6506,0.1628,0.1163,0.0465,0.298245614,1.7711,0.3516,0.7792,4.2712294184614255,4.9847413635053295,19677
2019,"Yoshihisa Hirano","ARI",46,208,10.3696,4.1087,2.5238,0.9783,0.2548,0.101,0.1538,0.26519337,1.5,0.3413,0.6769,3.8969509534614257,4.429392770191898,19756
2019,"David McKay","2 Tms",20,88,10.35,6.75,1.5333,0.9,0.2614,0.1705,0.0909,0.205479452,1.5,0.2708,0.625,4.473037910461426,5.559499871730805,19814
2019,"Darwinzon Hernandez","BOS",26,120,16.6154,6.2308,2.6667,0.3462,0.4,0.15,0.25,0.224489795,1.5385,0.42,0.7692,2.453807141461426,3.1776337880354664,19848
2019,"Andres Munoz","SDP",21.1,85,11.3906,4.2188,2.7,0,0.3176,0.1176,0.2,0.135135135,0.9375,0.2083,0.8,2.0980361534614262,3.5895772089724414,20373
2019,"Elvis Luciano","TOR",27.2,138,7.1566,7.4819,0.9565,1.3012,0.1594,0.1667,-0.0072,0.297297297,2.0241,0.3372,0.7303,6.331467899461426,6.967797514498899,20632